id;name;year_from;year_to
1;124 Spider;2016;2020
2;500;2008;2025
3;600e;2024;2025
4;378 GT Zagato;2012;2012
5;Ace;1992;2000
6;Aceca;1998;2000
7;Cobra;1965;2015
8;Cobra GT;2023;2025
9;ADX;2024;2025
10;CDX;2016;2021
11;CL;1996;2003
12;CSX;2005;2011
13;EL;1997;2005
14;ILX;2012;2022
15;Integra;1986;2025
16;Legend;1986;1996
17;MDX;2000;2025
18;NSX;1990;2022
19;RDX;2006;2025
20;RL;1995;2012
21;RLX;2013;2020
22;RSX;2001;2006
23;SLX;1995;1999
24;TL;1995;2014
25;TLX;2014;2025
26;TSX;2003;2014
27;ZDX;2009;2013
28;Revo;2005;2006
29;Diplomat;1934;1940
30;Trumpf Junior;1934;1941
31;Hyptec GT (Hyper GT);2023;2025
32;Hyptec HT (Hyper HT);2023;2025
33;Hyptec SSR (Hyper SSR);2023;2025
34;Hyptec HL;2025;2025
35;LX;2019;2022
36;LX Plus;2022;2025
37;RT;2024;2025
38;S;2019;2025
39;S Plus;2021;2023
40;UT;2025;2025
41;V;2020;2025
42;Y;2021;2022
43;Y Plus;2022;2025
44;M5;2022;2025
45;M7;2022;2025
46;M8;2025;2025
47;M9;2023;2025
48;U5;2019;2023
49;U6;2021;2023
50;500;2000;2004
51;105/115;1965;1977
52;145;1994;2001
53;146;1995;2001
54;147;2000;2010
55;155;1992;1997
56;156;1997;2007
57;159;2005;2011
58;164;1987;1998
59;166;1998;2007
60;1900;1950;1959
61;2600;1962;1968
62;33;1983;1994
63;33 Stradale;2023;2025
64;4C;2013;2016
65;6;1979;1988
66;6C;1927;1933
67;75;1985;1992
68;8C Competizione;2007;2010
69;90;1984;1987
70;Alfasud;1971;1983
71;Alfetta;1972;1987
72;Arna;1983;1987
73;Brera;2005;2010
74;Disco Volante;2013;2013
75;Giulia;1962;2025
76;Giulietta;1954;2020
77;GT;2003;2010
78;GTA Coupe;1965;1975
79;GTV;1995;2006
80;Junior;2024;2025
81;MiTo;2008;2018
82;Montreal;1970;1979
83;RZ;1992;1994
84;Spider;1966;2010
85;Sprint;1983;1989
86;Stelvio;2016;2025
87;SZ;1989;1991
88;Tonale;2022;2025
89;B10;1984;2004
90;B11;1987;1994
91;B12;1988;2001
92;B3;1987;2025
93;B4;2013;2025
94;B5;2005;2025
95;B6;1978;2017
96;B7;1978;2022
97;B8;1979;2025
98;B9;1981;1985
99;C1;1980;1987
100;C2;1985;1987
101;D10;1999;2003
102;D3;2005;2025
103;D4;2014;2025
104;D5;2011;2025
105;Roadster;1990;2005
106;XB7;2020;2025
107;XD3;2012;2025
108;XD4;2018;2025
109;A110;1961;2025
110;A290;2024;2025
111;A310;1971;1985
112;A390;2025;2025
113;A610;1991;1995
114;GTA;1985;1990
115;А5;2023;2025
116;Work;2024;2025
117;Eagle;1979;1987
118;Gremlin;1970;1978
119;Hornet;1974;1975
120;Matador;1974;1978
121;Rambler Ambassador;1965;1972
122;Rambler Classic;1961;1966
123;HMMWV (Humvee);1984;2006
124;21541 Stalker;2018;2020
125;Alpha S;2021;2025
126;Alpha S5;2024;2025
127;Alpha S6;2025;2025
128;Alpha T;2020;2025
129;Alpha T5;2023;2025
130;Alpha T6;2025;2025
131;Kaola;2023;2025
132;T1;2025;2025
133;Atom;1996;2025
134;Nomad;2015;2025
135;10;1984;2006
136;24;1972;2006
137;Retona;1998;2003
138;Rocsta;1990;1998
139;Topic;1987;1999
140;Towner;1992;1999
141;Bulldog;1980;1982
142;Cygnet;2011;2013
143;DB11;2016;2023
144;DB12;2023;2025
145;DB5;1963;1965
146;DB6;1965;1970
147;DB7;1994;2003
148;DB9;2003;2016
149;DBS;1967;2024
150;DBX;2020;2025
151;DB AR1;2003;2004
152;Lagonda;1976;1997
153;Lagonda Taraf;2015;2016
154;One-77;2009;2012
155;Rapide;2010;2020
156;Tickford Capri;1982;1985
157;Vanquish;2001;2025
158;V12 Speedster;2020;2025
159;V12 Vantage;2009;2025
160;V12 Zagato;2011;2012
161;V8 Vantage;1969;2025
162;V8 Zagato;1986;1989
163;Valhalla;2025;2025
164;Valiant;2024;2025
165;Valkyrie;2021;2024
166;Valour;2023;2025
167;Virage;1988;2012
168;Vulcan;2015;2016
169;01;2025;2025
170;Speedster;1935;1937
171;100;1968;1994
172;200;1979;1991
173;50;1974;1978
174;80;1972;1996
175;90;1984;1995
176;920;1938;1940
177;A1;2010;2025
178;A2;2000;2007
179;A3;1996;2025
180;A4;1994;2025
181;A4 allroad;2009;2025
182;A5;2007;2025
183;A6;1994;2025
184;A6 e-tron;2024;2025
185;A7;2010;2025
186;A8;1994;2025
187;A6 allroad;2000;2025
188;Cabriolet;1991;2000
189;Coupe;1980;1996
190;E5;2025;2025
191;e-tron;2018;2023
192;e-tron GT;2020;2025
193;e-tron S;2019;2022
194;e-tron Sportback;2019;2022
195;e-tron S Sportback;2019;2022
196;Front;1935;1938
197;NSU RO 80;1967;1977
198;Q2;2016;2025
199;Q3;2011;2025
200;Q3 Sportback;2019;2025
201;Q4 e-tron;2021;2025
202;Q4 Sportback e-tron;2021;2025
203;Q5;2008;2025
204;Q5 e-tron;2022;2025
205;Q5 Sportback;2020;2025
206;Q6;2022;2025
207;Q6 e-tron;2024;2025
208;Q6 Sportback e-tron;2024;2025
209;Q7;2005;2025
210;Q8;2018;2025
211;Q8 e-tron;2022;2025
212;Q8 Sportback e-tron;2022;2025
213;Quattro;1980;1991
214;R8;2007;2023
215;R8 LMP;2000;2005
216;RS 2;1993;1995
217;RS 3;2011;2025
218;RS 4;1999;2025
219;RS 5;2010;2025
220;RS 6;2002;2025
221;RS 7;2013;2025
222;RS Q3;2013;2025
223;RS e-tron GT;2020;2025
224;RS Q3 Sportback;2019;2025
225;RS Q8;2019;2025
226;S1;2014;2018
227;S2;1990;1995
228;S3;1999;2025
229;S4;1997;2025
230;S5;2007;2025
231;S6;1994;2025
232;S6 e-tron;2024;2025
233;S7;2012;2025
234;S8;1996;2025
235;SQ2;2018;2025
236;SQ5;2013;2025
237;SQ5 Sportback;2020;2025
238;SQ6 e-tron;2024;2025
239;SQ6 Sportback e-tron;2024;2025
240;SQ7;2016;2025
241;SQ8;2019;2025
242;SQ8 e-tron;2022;2025
243;SQ8 Sportback e-tron;2022;2025
244;S e-tron GT;2024;2025
245;TT;1998;2023
246;TTS;2007;2023
247;TT RS;2009;2023
248;Typ R;1927;1929
249;V8;1988;1994
250;Komendant;2022;2025
251;Lafet;2021;2025
252;Senat;2021;2025
253;Allegro;1973;1983
254;Ambassador;1982;1984
255;FL2;1958;1978
256;FX4;1958;1982
257;Maestro;1983;1997
258;Maxi;1969;1982
259;Metro;1980;1990
260;Mini;1967;1993
261;Montego;1984;1994
262;Princess;1972;1982
263;Sprite;1958;1971
264;100;1956;1959
265;3000;1959;1967
266;A 112;1969;1986
267;1000 Sp;1958;1965
268;06;2025;2025
269;07;2024;2025
270;11;2022;2025
271;12;2023;2025
272;2160;1990;1999
273;2163;1990;1993
274;3101;1990;1993
275;A1;2012;2018
276;BJ2021;1984;2005
277;BJ2025F;1985;2005
278;BJ2030;1993;2012
279;BJ30;2020;2025
280;BJ40;2013;2025
281;BJ60;2022;2025
282;BJ80;2016;2025
283;BJ90;2016;2023
284;BJ2020;1989;2005
285;BJ2026;2011;2015
286;BJ212;1964;2025
287;EC3;2018;2020
288;EU;2015;2017
289;EU5;2018;2025
290;EU7;2019;2025
291;EX3;2019;2022
292;EX5;2019;2022
293;Jeep 2500;2003;2005
294;Kenbo 600;2015;2020
295;Luba (XB624);2000;2017
296;Ruixiang X5;2021;2025
297;U5;2014;2022
298;U5 Plus;2021;2025
299;U7;2018;2025
300;X3;2019;2025
301;X35;2019;2025
302;X5;2015;2025
303;X55;2022;2025
304;X7;2020;2025
305;X75;2024;2025
306;Qute;2016;2025
307;BD-1322;1998;2001
308;510;2017;2023
309;530;2018;2021
310;E100;2017;2021
311;E300;2020;2021
312;Kiwi EV;2021;2025
313;RC-5;2020;2021
314;RC-6;2019;2021
315;RM-5;2019;2021
316;RS-3;2019;2021
317;RS-5;2019;2021
318;Valli;2021;2022
319;Xiangjing;2025;2025
320;Yep;2023;2025
321;Yep Plus;2024;2025
322;Yunduo;2023;2025
323;Yunhai;2024;2025
324;1989;1989;1992
325;2018;2018;2018
326;212;2020;2023
327;212 T01;2024;2025
328;Ace M7;2022;2025
329;Calorie F7;2022;2025
330;Jiabao;2023;2025
331;MPV;2025;2025
332;Pony (Yuanbao);2022;2025
333;S50;2024;2025
334;X50;2023;2025
335;X70;2024;2025
336;X80;2025;2025
337;Arnage;1998;2009
338;Azure;1995;2009
339;Bentayga;2015;2025
340;Brooklands;1992;2011
341;Continental;1984;2003
342;Continental Flying Spur;2005;2012
343;Continental GT;2003;2025
344;Eight;1984;1992
345;Flying Spur;2013;2025
346;Mark VI;1946;1952
347;Mulliner Bacalar;2021;2025
348;Mulliner Batur;2022;2025
349;Mulsanne;1980;2020
350;R Type;1952;1955
351;S;1955;1965
352;Turbo R;1985;1999
353;T-Series;1965;1980
354;Freeclimber;1989;1995
355;B70;2020;2025
356;T55;2022;2025
357;T77;2020;2025
358;T90;2024;2025
359;Vintage;2015;2016
360;evA-4;2009;2020
361;CD;1973;1979
362;Type 3;1987;1988
363;FH-EQ;2021;2023
364;02 (E10);1966;1977
365;1 серии;2004;2025
366;1M;2010;2012
367;2 серии Active Tourer;2014;2025
368;2 серии;2014;2025
369;2 серии Gran Tourer;2015;2022
370;315;1934;1937
371;3200;1962;1965
372;321;1937;1950
373;326;1936;1946
374;327;1937;1941
375;340;1949;1953
376;3 серии;1975;2025
377;3/15;1927;1932
378;4 серии;2013;2025
379;501;1952;1958
380;502;1954;1961
381;503;1956;1959
382;507;1956;1959
383;5 серии;1972;2025
384;600;1957;1959
385;6 серии;1976;2025
386;700;1959;1965
387;7 серии;1977;2025
388;8 серии;1989;2025
389;E3;1968;1977
390;E9;1968;1975
391;i3;2013;2025
392;i4;2021;2025
393;i5;2023;2025
394;i7;2022;2025
395;i8;2014;2020
396;Isetta;1955;1962
397;iX;2021;2025
398;iX1;2022;2025
399;iX2;2023;2025
400;iX3;2020;2025
401;iX5;2023;2025
402;M2;2015;2025
403;M3;1986;2025
404;M4;2014;2025
405;M5;1985;2025
406;M6;1984;2018
407;M8;2019;2025
408;M1;1978;1981
409;Nazca;1991;1993
410;New Class;1962;1971
411;X1;2009;2025
412;X2;2017;2025
413;X3;2003;2025
414;X3 M;2019;2025
415;X4;2014;2025
416;X4 M;2019;2025
417;X5;1999;2025
418;X5 M;2009;2025
419;X6;2007;2025
420;X6 M;2009;2025
421;X7;2019;2025
422;XM;2022;2025
423;Z1;1988;1991
424;Z3;1995;2002
425;Z3 M;1997;2002
426;Z4;2002;2025
427;Z4 M;2006;2009
428;Z8;2000;2003
429;2000;1939;1942
430;BX5;2017;2021
431;Hansa 1100;1934;1939
432;7.3S;1991;1998
433;Crawler;2022;2025
434;E V12;1996;2013
435;G V12;2004;2006
436;ML 63 Biturbo;2009;2011
437;M V12;1997;2001
438;Rocket GTS;2024;2025
439;SV12;2009;2013
440;FRV (BS2);2008;2013
441;H230;2012;2017
442;H530;2011;2020
443;M1 (BS6);2004;2012
444;M2 (BS4);2006;2012
445;M3 (BC3);2007;2011
446;V3;2015;2020
447;V5;2011;2020
448;Blenheim;1993;2011
449;Blenheim Speedster;2003;2011
450;Fighter;2004;2011
451;Geneva;2010;2025
452;La Joya;2004;2018
453;Bolide;2024;2025
454;Centodieci;2022;2025
455;Chiron;2016;2023
456;Divo;2018;2021
457;EB 110;1991;1995
458;EB 112;1993;1998
459;EB Veyron 16.4;2003;2015
460;Tourbillon;2024;2025
461;Type 55;1932;1935
462;W16 Mistral;2024;2025
463;Cascada;2015;2019
464;Century;1973;2005
465;Electra;1959;1990
466;Electra E4;2023;2025
467;Electra E5;2022;2025
468;Electra L7;2025;2025
469;Enclave;2007;2025
470;Encore;2012;2022
471;Encore GX;2019;2025
472;Encore Plus;2023;2025
473;Envision;2014;2025
474;Envista;2022;2025
475;Estate Wagon;1977;1990
476;Excelle;2004;2023
477;GL6;2017;2023
478;GL8;2000;2025
479;GS;1970;1972
480;LaCrosse;2004;2025
481;LeSabre;1959;2005
482;Limited;1958;1959
483;Lucerne;2005;2011
484;Park Avenue;1991;2012
485;Rainier;2003;2007
486;Reatta;1988;1991
487;Regal;1973;2025
488;Rendezvous;2001;2007
489;Riviera;1966;1999
490;Roadmaster;1942;1996
491;Skyhawk;1974;1989
492;Skylark;1975;1998
493;Special;1936;1958
494;Super;1942;1953
495;Terraza;2005;2007
496;Velite 6;2019;2025
497;Verano;2011;2025
498;Wildcat;1963;1970
499;Atto 2;2025;2025
500;Chazor;2024;2025
501;D1;2020;2025
502;Destroyer 05;2022;2025
503;Dolphin;2021;2025
504;E1;2019;2021
505;E2;2019;2025
506;E3;2019;2023
507;E5;2015;2020
508;E6;2011;2025
509;E7;2025;2025
510;E9;2021;2025
511;F0;2008;2015
512;F3;2005;2021
513;F5;2014;2018
514;F6;2007;2012
515;F8 (S8);2009;2010
516;FangChengBao Leopard 5;2023;2025
517;FangChengBao Leopard 8;2024;2025
518;FangChengBao Titanium 3;2024;2025
519;FangChengBao Titanium 7;2025;2025
520;Flyer;2005;2008
521;Frigate 07;2022;2025
522;G3;2009;2014
523;G6;2011;2013
524;Han;2020;2025
525;Han L;2025;2025
526;L3;2010;2015
527;M6;2010;2015
528;Qin;2018;2025
529;S6;2011;2015
530;Seagull;2023;2025
531;Seal;2022;2025
532;Seal 05;2025;2025
533;Seal 06;2024;2025
534;Seal 06 GT;2024;2025
535;Seal 07;2024;2025
536;Sea Lion 05;2024;2025
537;Sea Lion 06;2025;2025
538;Sea Lion 07;2024;2025
539;Shark;2024;2025
540;Song;2015;2022
541;Song EV;2016;2019
542;Song L;2023;2025
543;Song Max;2017;2025
544;Song Plus;2020;2025
545;Song Pro;2019;2025
546;Tang;2015;2025
547;Tang L;2025;2025
548;Xia;2024;2025
549;Yangwang U7;2024;2025
550;Yangwang U8;2023;2025
551;Yangwang U9;2024;2025
552;Yuan;2016;2023
553;Yuan Plus;2021;2025
554;Yuan Up;2024;2025
555;BD132J (CoCo);2011;2016
556;BD326J (Moca);2011;2016
557;Allante;1989;1996
558;ATS;2012;2019
559;ATS-V;2015;2019
560;BLS;2006;2009
561;Brougham;1987;1992
562;Catera;1996;2001
563;Celestiq;2024;2025
564;CT4;2019;2025
565;CT4-V;2019;2025
566;CT5;2019;2025
567;CT5-V;2019;2025
568;CT6;2016;2025
569;CTS;2002;2019
570;CTS-V;2004;2019
571;DeVille;1958;2005
572;DTS;2005;2011
573;Eldorado;1953;2002
574;ELR;2013;2016
575;Escalade;1998;2025
576;Escalade iQ;2024;2025
577;Escalade-V;2022;2025
578;Fleetwood;1956;1996
579;GT4;2023;2025
580;Lyriq-V;2025;2025
581;LSE;1993;1996
582;Lyriq;2022;2025
583;Model 30;1909;1914
584;Optiq;2024;2025
585;Optiq-V;2025;2025
586;Series 314;1925;1927
587;Series 341;1927;1929
588;Series 62;1940;1956
589;Seville;1975;2004
590;Sixty Special;1971;1976
591;SRX;2003;2016
592;STS;2004;2011
593;STS-V;2005;2009
594;Vistiq;2025;2025
595;XLR;2003;2009
596;XT4;2018;2025
597;XT5;2016;2025
598;XT6;2019;2025
599;XTS;2012;2019
600;C12;1998;2003
601;FX4;1982;1995
602;21;1994;2000
603;CSR;2005;2025
604;Seven;1992;2025
605;Benni;2006;2011
606;SC6390;2006;2011
607;Taurustar;2010;2015
608;Alsvin;2018;2025
609;Alsvin V7;2014;2018
610;Auchan A600 EV;2018;2022
611;Benben E-Star;2020;2024
612;Benni;2006;2014
613;Benni EC/EV;2018;2020
614;CM-8;2008;2015
615;CS15;2016;2025
616;CS35;2013;2022
617;CS35 Plus;2018;2025
618;CS55;2017;2023
619;CS55 Plus;2019;2025
620;CS75;2014;2025
621;CS75 Plus;2019;2025
622;CS75 Pro;2025;2025
623;CS85;2019;2025
624;CS95;2017;2025
625;CS95 Plus;2023;2025
626;CX20;2011;2016
627;Oshan CX70;2016;2019
628;Deepal G318;2024;2025
629;Deepal L06;2025;2025
630;Deepal L07;2024;2025
631;Deepal S05;2024;2025
632;Deepal S09;2024;2025
633;Eado;2013;2025
634;Eado Plus;2020;2025
635;Lantuozhe (Explorer);2022;2025
636;Hunter;2020;2025
637;Hunter Plus;2023;2025
638;Kaicene F70;2019;2025
639;Lamore;2023;2025
640;Linmax;2017;2020
641;Lumin;2022;2025
642;Oushan Changxing;2018;2022
643;Raeton;2013;2019
644;Raeton CC;2017;2025
645;Raeton Plus;2022;2025
646;Deepal S07 (S7);2023;2025
647;Deepal SL03;2022;2025
648;UNI-K;2020;2025
649;UNI-L;2024;2025
650;UNI-S (CS55 Plus);2024;2025
651;UNI-T;2020;2025
652;UNI-V;2022;2025
653;UNI-Z;2024;2025
654;X5 Plus;2024;2025
655;X7 Plus;2024;2025
656;Yida;2023;2025
657;Z-Shine;2008;2010
658;SUV (CS6);2007;2009
659;Flying;2005;2014
660;Liebao Leopard;1999;2014
661;Freedom;2007;2014
662;Ideal;2003;2016
663;Amulet (A15);2003;2012
664;Arrizo 6;2018;2021
665;Arrizo 7;2013;2018
666;Arrizo 3;2014;2018
667;Arrizo 5;2016;2025
668;Arrizo 5 GT;2022;2025
669;Arrizo 5 Plus;2020;2025
670;Arrizo 8;2022;2025
671;Arrizo 8 Pro;2025;2025
672;B13;2006;2008
673;Bonus (A13);2011;2014
674;Bonus 3 (E3/A19);2014;2017
675;CrossEastar (B14);2006;2014
676;Domi;2025;2025
677;E5;2011;2016
678;eQ1;2017;2025
679;eQ5;2020;2022
680;eQ7;2023;2025
681;Explore 06;2023;2025
682;Face;2006;2015
683;Fora (A21);2006;2011
684;Fulwin A8;2023;2025
685;Fulwin A9L;2025;2025
686;Fulwin T10;2024;2025
687;Fulwin T11;2025;2025
688;Fulwin T6;2024;2025
689;Fulwin T8;2025;2025
690;Fulwin T9;2024;2025
691;Fulwin X3;2025;2025
692;IndiS (S18D);2010;2015
693;Karry;2007;2010
694;Kimo (A1);2007;2014
695;M11 (A3);2010;2015
696;Omoda 5;2022;2025
697;Oriental Son (B11);2003;2012
698;Q22;2009;2022
699;Sweet (QQ);2003;2015
700;QQ6 (S21);2006;2010
701;QQme;2009;2011
702;QQ Ice Cream;2021;2025
703;Rely R08;2025;2025
704;Tiggo (T11);2005;2016
705;Tiggo 2;2016;2021
706;Tiggo 2 Pro;2021;2025
707;Tiggo 3;2014;2020
708;Tiggo 3x;2016;2023
709;Tiggo 3xe;2018;2021
710;Tiggo 4;2017;2025
711;Tiggo 4 Pro;2020;2025
712;Tiggo 5;2014;2020
713;Tiggo 5x;2017;2025
714;Tiggo 7;2016;2025
715;Tiggo 7L;2024;2025
716;Tiggo 7 Plus;2021;2025
717;Tiggo 7 Pro;2020;2024
718;Tiggo 7 Pro Max;2022;2025
719;Tiggo 7 Pro Plug-in Hybrid;2023;2025
720;Tiggo 8;2018;2025
721;Tiggo 8L;2024;2025
722;Tiggo 8 Plus;2020;2025
723;Tiggo 8 Pro;2021;2025
724;Tiggo 8 Pro e+;2021;2024
725;Tiggo 8 Pro Max;2022;2025
726;Tiggo 8 Pro Plug-in Hybrid;2023;2025
727;Tiggo 9;2023;2025
728;Tiggo E;2019;2022
729;Very (A13);2011;2014
730;Windcloud (A11);1999;2006
731;Sterra ES;2023;2025
732;ET8;2025;2025
733;Exlantix ES;2024;2025
734;Exlantix ET;2024;2025
735;LX;2019;2025
736;RX;2023;2025
737;Sterra ET;2024;2025
738;TX;2021;2025
739;TXL;2019;2025
740;VX;2021;2025
741;Yaoguang;2023;2025
742;3000-Series;1947;1955
743;Alero;1999;2004
744;Apache;1955;1960
745;Astra;1998;2011
746;Astro;1985;2005
747;Avalanche;2001;2013
748;Aveo;2002;2025
749;Bel Air;1949;1957
750;Beretta;1987;1996
751;Blazer;1982;2025
752;Blazer EV;2023;2025
753;Bolt;2016;2023
754;Bolt EUV;2021;2023
755;Camaro;1967;2024
756;Caprice;1965;2017
757;Captiva;2006;2025
758;Captiva Sport;2008;2016
759;Cavalier;1982;2005
760;Celebrity;1982;1990
761;Celta;2000;2006
762;Chevelle;1963;1977
763;Chevette;1975;1987
764;Citation;1980;1985
765;C/K;1967;2000
766;Classic;2004;2008
767;Matiz;2004;2010
768;Cobalt;2004;2025
769;Colorado;2004;2025
770;Corsa;1994;2001
771;Corsica;1987;1996
772;Corvair;1959;1969
773;Corvette;1953;2025
774;Cruze;2008;2023
775;Cruze (HR);2001;2008
776;CSV CR8;2008;2009
777;C-10;1960;1988
778;Damas;2019;2025
779;Deluxe;1949;1952
780;El Camino;1959;1987
781;Epica;2003;2012
782;Equinox;2004;2025
783;Evanda;2000;2006
784;Express;1996;2025
785;Fleetmaster;1946;1948
786;Groove;2020;2025
787;HHR;2005;2011
788;Impala;1958;2020
789;Blazer K5;1972;1994
790;Kalos;2003;2008
791;Lacetti;2004;2024
792;Lanos;2002;2009
793;Lumina;1989;2001
794;Lumina APV;1989;1996
795;LUV D-MAX;2006;2011
796;Malibu;1978;2025
797;Master;1933;1940
798;Menlo;2020;2025
799;Metro;1997;2001
800;Monte Carlo;1970;2007
801;Monza;1975;2025
802;MW;2001;2010
803;Nexia;2017;2023
804;Niva;2002;2020
805;Nova;1967;1988
806;Nubira;2003;2010
807;Omega;1992;2007
808;Onix;2012;2025
809;Orlando;2010;2023
810;Prizm;1997;2002
811;Rezzo;2000;2008
812;Sail;2010;2014
813;Seeker;2022;2025
814;Silverado;1998;2025
815;Sonic;2011;2020
816;Spark;2005;2023
817;Spark EUV;2025;2025
818;Special DeLuxe;1941;1948
819;Spin;2012;2018
820;SS;2013;2017
821;SSR;2003;2006
822;Standard;1934;1936
823;Starcraft;1992;1996
824;Suburban;1941;2025
825;S-10 Pickup;1982;2012
826;Tacuma;2000;2008
827;Tahoe;1994;2025
828;Tavera;2002;2017
829;Tracker;1989;2025
830;TrailBlazer;2001;2025
831;Trans Sport;1996;2005
832;Traverse;2008;2025
833;Trax;2013;2025
834;Uplander;2004;2008
835;Van;1971;1996
836;Vectra;1993;2002
837;Venture;1996;2005
838;Viva;2004;2008
839;Volt;2010;2019
840;Zafira;2001;2012
841;180;1970;1982
842;200;2010;2017
843;300;1969;1971
844;300C;2004;2023
845;300M;1998;2004
846;300 Letter Series;1955;1957
847;Aspen;2006;2008
848;Cirrus;1994;2000
849;Concorde;1992;2004
850;Cordoba;1975;1983
851;Crossfire;2003;2007
852;Daytona;1986;1993
853;Dynasty;1988;1993
854;ES;1988;1991
855;Fifth Avenue;1982;1993
856;Imperial;1926;1993
857;Imperial Crown;1963;1975
858;Intrepid;1993;2004
859;LeBaron;1977;1995
860;LHS;1993;2001
861;Nassau;2007;2007
862;Neon;1994;2004
863;Newport;1968;1978
864;New Yorker;1949;1996
865;Pacifica;2003;2025
866;Prowler;2001;2002
867;PT Cruiser;2000;2010
868;Saratoga;1989;1995
869;Sebring;1994;2010
870;Six;1924;1935
871;Stratus;1994;2000
872;TC by Maserati;1989;1991
873;Town & Country;1941;2016
874;Viper;1992;2002
875;Vision;1992;1997
876;Voyager;1984;2025
877;Windsor;1953;1954
878;Ypsilon;2011;2017
879;M-NV;2020;2025
880;X-NV;2019;2021
881;2 CV;1963;1990
882;Ami;1961;1978
883;Ami EV;2020;2025
884;AX;1986;1998
885;Basalt;2024;2025
886;Berlingo;1996;2025
887;BX;1982;1994
888;C1;2005;2022
889;C2;2003;2009
890;C3;2002;2025
891;C3L;2020;2021
892;C3 Aircross;2017;2025
893;C3 Picasso;2008;2017
894;C3-XR;2014;2023
895;C4;2004;2025
896;C4 Aircross;2012;2017
897;C4 Cactus;2014;2025
898;C4 Picasso;2006;2018
899;C4 SpaceTourer;2018;2022
900;C5;2000;2017
901;C5 Aircross;2018;2025
902;C5 X;2021;2025
903;C6;2004;2023
904;C8;2002;2014
905;CX;1974;1991
906;C-Crosser;2007;2013
907;C-Elysee;2012;2022
908;C-Quatre;2008;2016
909;C-Triomphe;2006;2010
910;C-ZERO;2010;2012
911;DS;1955;1976
912;DS3;2009;2015
913;DS4;2010;2015
914;DS5;2012;2015
915;Dyane;1967;1984
916;Evasion;1994;2002
917;E-Mehari;2016;2019
918;GS;1971;1986
919;Jumpy;1994;2025
920;LN;1976;1986
921;Nemo;2007;2017
922;Saxo;1996;2003
923;SM;1970;1975
924;SpaceTourer;2016;2025
925;Traction Avant;1934;1957
926;Visa;1978;1991
927;Xantia;1992;2002
928;XM;1989;2000
929;Xsara;1997;2006
930;Xsara Picasso;1999;2012
931;ZX;1991;1998
932;V16t;1991;1995
933;EV;2012;2013
934;T Rex;2000;2016
935;L-29;1929;1932
936;Showjet;2020;2022
937;Ateca;2018;2025
938;Born;2021;2025
939;Formentor;2020;2025
940;Leon;2020;2025
941;Tavascan;2023;2025
942;Terramar;2024;2025
943;1300;1969;1978
944;1310;1979;2004
945;1410;1984;2004
946;Bigster;2024;2025
947;Dokker;2012;2021
948;Duster;2010;2025
949;Jogger;2021;2025
950;Lodgy;2012;2022
951;Logan;2004;2025
952;Nova;1995;2000
953;Pick-Up;1975;2006
954;Sandero;2007;2025
955;Solenza;2003;2005
956;Spring;2021;2025
957;SuperNova;2000;2003
958;City Leading;2004;2007
959;Shuttle;2005;2007
960;Smoothing;2006;2007
961;Alpheon;2010;2015
962;Arcadia;1994;1999
963;Chairman;1999;2002
964;Damas;1991;2011
965;Espero;1990;1999
966;Evanda;2002;2005
967;G2X;2007;2008
968;Gentra;2005;2015
969;Kalos;2002;2007
970;Korando;1999;2001
971;Lacetti;2002;2010
972;Lacetti Premiere;2008;2011
973;Lanos;1997;2008
974;Leganza;1997;2008
975;LeMans;1986;1994
976;Magnus;2000;2006
977;Matiz;1998;2016
978;Matiz Creative;2009;2011
979;Musso;1999;2002
980;Nexia;1994;2016
981;Nubira;1997;2005
982;Prince;1991;1999
983;Racer;1986;1997
984;Rezzo;2000;2008
985;Royale;1981;1992
986;Sens;2002;2009
987;Tacuma;2000;2011
988;Tico;1991;2001
989;Tosca;2006;2011
990;Winstorm;2006;2011
991;Altis;2000;2021
992;Applause;1989;2000
993;Atrai;1981;2025
994;Bee;1951;1952
995;Be-go;2006;2016
996;Boon;2004;2023
997;Boon Luminas;2008;2012
998;Cast;2015;2023
999;Ceria;2001;2006
1000;Charade;1977;2000
1001;Charmant;1981;1987
1002;Coo;2006;2013
1003;Copen;2002;2025
1004;Cuore;1980;2013
1005;Delta Wagon;1986;2001
1006;Esse;2005;2011
1007;Extol;1999;2004
1008;Fellow;1966;1976
1009;Feroza;1989;1999
1010;Gran Move;1996;2002
1011;Hijet;1981;2025
1012;Hijet Caddie;2016;2021
1013;Leeza;1986;1993
1014;Materia;2006;2013
1015;MAX;2000;2005
1016;Mebius;2013;2021
1017;Midget;1996;2002
1018;Mira;1994;2018
1019;Mira Cocoa;2009;2018
1020;Mira e:S;2011;2023
1021;Mira Gino;1999;2009
1022;Mira Tocot;2018;2023
1023;Move;1995;2025
1024;Move Canbus;2016;2025
1025;Move Conte;2008;2017
1026;Move Latte;2004;2009
1027;Naked;2000;2004
1028;Opti;1992;2002
1029;Pyzar;1996;2002
1030;Rocky;1989;2025
1031;Rugger;1984;2002
1032;Sirion;1998;2015
1033;Sonica;2006;2009
1034;Storia;1998;2004
1035;Taft;1974;2025
1036;Tanto;2003;2025
1037;Tanto Exe;2009;2014
1038;Terios;1997;2025
1039;Thor;2016;2025
1040;Trevis;2006;2011
1041;Wake;2014;2022
1042;Wildcat;1985;1987
1043;Xenia;2003;2011
1044;YRV;2000;2005
1045;DS420;1968;1992
1046;Regency;1951;1958
1047;Sovereign (XJ6);1969;1993
1048;SP250;1959;1964
1049;XJ40;1986;1994
1050;XJS;1973;1977
1051;X300;1993;1997
1052;X308;1997;2003
1053;X350;2005;2009
1054;Stradale;2017;2025
1055;200/220/260/280C;1975;1979
1056;240Z;1970;1973
1057;280Z;1975;1979
1058;280ZX;1978;1983
1059;620;1972;1979
1060;720;1980;1986
1061;Bluebird;1976;1981
1062;Cherry;1970;1982
1063;GO;2014;2020
1064;GO+;2014;2022
1065;Laurel;1977;1984
1066;mi-DO;2015;2020
1067;on-DO;2014;2020
1068;Stanza;1977;1986
1069;Sunny;1973;1983
1070;Urvan;1982;1988
1071;Violet;1973;1979
1072;Pickup;2018;2025
1073;Yuanzhi M1;2020;2025
1074;Yuehu;2020;2025
1075;Zephyr;1999;2025
1076;D12;2020;2025
1077;D6;1930;1940
1078;DI;1923;1927
1079;DMC-12;1981;1982
1080;500;2014;2019
1081;D9;2022;2025
1082;N7;2023;2025
1083;N8;2023;2025
1084;N8L;2025;2025
1085;N9;2024;2025
1086;X;2019;2022
1087;Z9;2024;2025
1088;Antelope;2007;2007
1089;Aurora;2006;2008
1090;Cowboy;2004;2006
1091;Land Crown;2006;2007
1092;Plutus;2007;2008
1093;Saladin;2006;2008
1094;Shuttle;2005;2008
1095;Custom;1949;1952
1096;Deluxe;1946;1952
1097;Firedome;1952;1959
1098;Fireflite;1955;1960
1099;Bigua;2000;2002
1100;Guara;1993;2001
1101;Longchamp;1972;1989
1102;Mangusta;1967;2001
1103;Pantera;1970;1991
1104;Vallelunga;1964;1968
1105;3=6;1953;1955
1106;600;1983;1988
1107;Aries;1981;1989
1108;Avenger;1994;2014
1109;Caliber;2006;2013
1110;Caravan;1984;2020
1111;Challenger;1969;2023
1112;Charger;1966;2025
1113;Charger Daytona;1969;1970
1114;Colt;1992;1994
1115;Coronet;1970;1976
1116;Custom Royal;1955;1959
1117;D8;1937;1938
1118;Dakota;1987;2011
1119;Dart;1967;2016
1120;Daytona;1984;1993
1121;Diplomat;1977;1989
1122;Durango;1998;2025
1123;D/W Series;1972;1980
1124;Dynasty;1987;1993
1125;Hornet;2022;2025
1126;Intrepid;1992;2004
1127;Journey;2007;2020
1128;Lancer;1985;1989
1129;Magnum;1977;2008
1130;Mayfair;1953;1959
1131;Monaco;1990;1993
1132;Neon;1994;2021
1133;Nitro;2006;2011
1134;Omni;1978;1990
1135;Polara;1965;1973
1136;Raider;1987;1989
1137;RAM;1980;2019
1138;Ramcharger;1974;2001
1139;RAM Van;1979;2003
1140;Shadow;1986;1994
1141;Spirit;1988;1995
1142;Stealth;1990;1996
1143;Stratus;1995;2006
1144;Super Bee;1968;1970
1145;Viper;1992;2017
1146;WC series;1941;1945
1147;370;2016;2020
1148;580;2016;2025
1149;A30;2014;2019
1150;A9;2016;2019
1151;Aeolus E70;2017;2025
1152;Aeolus Haohan;2023;2025
1153;Aeolus Haoji;2022;2025
1154;Aeolus L7;2024;2025
1155;Aeolus Yixuan;2019;2025
1156;Aeolus Yixuan Max;2021;2025
1157;AX4;2017;2021
1158;AX7;2015;2019
1159;Box;2024;2025
1160;C36;2012;2025
1161;DF6;2022;2025
1162;DFSK 500;2024;2025
1163;DFSK ix5;2023;2025
1164;DFSK ix7;2023;2025
1165;E11K;2018;2021
1166;EC36;2017;2025
1167;Fengon 500;2020;2025
1168;Fengon 560;2017;2025
1169;Fengon E5;2023;2025
1170;Fengon ix5;2018;2025
1171;Fengon ix7;2019;2023
1172;Fukang ES600;2022;2025
1173;H30 Cross;2011;2018
1174;Huge;2022;2025
1175;Mage;2024;2025
1176;Mengshi M-Hero 800;2024;2025
1177;Mengshi M-Hero 817;2025;2025
1178;Mengshi M-Hero 917;2023;2025
1179;MPV;2007;2009
1180;Nammi 01;2024;2025
1181;Nammi 06;2025;2025
1182;Nano EX1;2020;2025
1183;Oting;2007;2013
1184;Paladin;2023;2025
1185;Rich;2007;2025
1186;Rich 7;2022;2025
1187;S30;2013;2017
1188;Shine;2019;2025
1189;Shine GS;2024;2025
1190;Shine Max;2023;2025
1191;Sky EV01;2023;2025
1192;Aeolus Yixuan GS;2020;2025
1193;Z9;2025;2025
1194;Assol;1998;2002
1195;Kondor;1998;2002
1196;Orion;1998;2002
1197;Orion M;1999;2002
1198;D8;2001;2007
1199;D8 Cosworth;1994;1998
1200;D8 GT;2007;2012
1201;D8 GTO;2013;2025
1202;D8 Zetec;1993;1998
1203;F22;2022;2025
1204;1.0;2023;2025
1205;3.0;2022;2025
1206;5.0;2022;2025
1207;6.0;2022;2025
1208;7.0;2023;2025
1209;PK8;2023;2025
1210;3;2015;2019
1211;3 Crossback;2018;2022
1212;4;2015;2025
1213;5;2015;2018
1214;7 Crossback;2017;2025
1215;9;2020;2025
1216;No4;2025;2025
1217;No8;2025;2025
1218;H3;2017;2019
1219;H5;2017;2019
1220;Premier;1987;1992
1221;Summit;1989;1996
1222;Talon;1989;1999
1223;Vision;1992;1997
1224;Vista;1988;1992
1225;SS;1982;1998
1226;ME5;2021;2023
1227;ME7;2020;2023
1228;M2;2025;2025
1229;VE-1;2018;2025
1230;i-JET;2022;2025
1231;i-JOY;2022;2025
1232;i-PRO;2022;2025
1233;i-SKY;2023;2025
1234;i-SPACE;2023;2025
1235;i-VAN;2022;2025
1236;Series IV;1980;1985
1237;Series V;1985;1997
1238;GD04B;2012;2014
1239;Ё-Кроссовер;2013;2013
1240;FV;1954;1958
1241;Bestune B70;2020;2025
1242;Bestune B70S;2022;2025
1243;Bestune M9;2023;2025
1244;Bestune NAT;2021;2025
1245;Bestune Pony;2024;2025
1246;Bestune T33;2019;2021
1247;Bestune T55;2021;2025
1248;Bestune T77;2018;2025
1249;Bestune T90;2023;2025
1250;Bestune T99;2019;2025
1251;Bestune Yueyi 03;2025;2025
1252;Bestune Yueyi 07;2025;2025
1253;Besturn B30;2015;2020
1254;Besturn B50;2009;2016
1255;Besturn B70;2006;2018
1256;Besturn X40;2016;2023
1257;CA6420;2013;2025
1258;D60;2014;2017
1259;Jinn;2005;2009
1260;Oley;2012;2015
1261;V2;2010;2015
1262;V5;2012;2017
1263;Vita;2007;2010
1264;Besturn X80;2013;2022
1265;12Cilindri;2024;2025
1266;208/308;1974;1989
1267;250 GTO;1962;1964
1268;250 GT Berlinetta;1955;1959
1269;288 GTO;1984;1987
1270;296;2021;2025
1271;328;1985;1989
1272;348;1989;1995
1273;360;1999;2005
1274;365 GTC;1968;1970
1275;400;1976;1985
1276;412;1985;1988
1277;456;1992;2003
1278;458;2009;2015
1279;488;2015;2019
1280;512 M;1994;1996
1281;512 BB;1976;1984
1282;512 TR;1991;1994
1283;550;1996;2001
1284;575M;2002;2006
1285;599;2006;2012
1286;612;2004;2011
1287;812;2017;2024
1288;849 Testarossa;2025;2025
1289;Amalfi;2025;2025
1290;California;2008;2017
1291;Daytona SP3;2022;2025
1292;Dino 206 GT;1967;1969
1293;Dino 208/308 GT4;1973;1978
1294;Dino 246 GT;1969;1974
1295;Enzo;2002;2004
1296;F12;2012;2017
1297;F355;1994;1999
1298;F40;1987;1992
1299;F430;2004;2009
1300;F50;1995;1997
1301;F80;2024;2025
1302;F8;2019;2023
1303;FF;2011;2016
1304;FXX K;2015;2017
1305;GTC4Lusso;2016;2020
1306;LaFerrari;2013;2017
1307;Mondial;1980;1993
1308;Monza SP;2019;2022
1309;Portofino;2017;2023
1310;Purosangue;2022;2025
1311;Roma;2020;2025
1312;SC40;2025;2025
1313;SF90;2019;2025
1314;Testarossa;1984;1991
1315;1100;1939;1948
1316;124;1966;1976
1317;124 Spider;2016;2020
1318;124 Sport Spider;1966;1985
1319;125;1967;1982
1320;126;1972;1996
1321;127;1971;1987
1322;128;1969;1985
1323;130;1969;1978
1324;131;1974;1985
1325;132;1972;1982
1326;1500;1935;1950
1327;2300;1961;1969
1328;238;1966;1982
1329;500;1936;2025
1330;500L;2012;2022
1331;500X;2014;2025
1332;508;1932;1939
1333;600;2005;2010
1334;600e;2023;2025
1335;850;1964;1971
1336;900T;1976;1985
1337;Albea;2002;2012
1338;Argenta;1981;1986
1339;Barchetta;1995;2005
1340;Brava;1995;2001
1341;Bravo;1995;2014
1342;Cinquecento;1991;1998
1343;Coupe;1993;2001
1344;Croma;1985;2011
1345;Doblo;2000;2025
1346;Duna;1987;1991
1347;Egea;2015;2025
1348;Fiorino;1977;2025
1349;Freemont;2011;2016
1350;Fullback;2016;2020
1351;Grande Panda;2024;2025
1352;Idea;2003;2016
1353;Linea;2007;2018
1354;Marea;1996;2002
1355;Multipla;1998;2010
1356;Palio;1996;2017
1357;Panda;1981;2025
1358;Punto;1993;2018
1359;Qubo;2007;2019
1360;Regata;1983;1990
1361;Ritmo;1978;1989
1362;Scudo;1995;2025
1363;Sedici;2005;2014
1364;Seicento;1998;2010
1365;Siena;1996;2017
1366;Stilo;2001;2007
1367;Strada;1998;2025
1368;Tempra;1990;1999
1369;Tipo;1988;2025
1370;Topolino;2023;2025
1371;Ulysse;1994;2025
1372;Uno;1983;2002
1373;X 1/9;1972;1989
1374;Karma;2009;2012
1375;Ocean;2023;2025
1376;F;2018;2018
1377;300;1963;1963
1378;Aerostar;1986;1997
1379;Anglia;1948;1968
1380;Aspire;1993;1997
1381;Bronco;1966;2025
1382;Bronco-II;1984;1990
1383;Bronco Sport;2020;2025
1384;B-MAX;2012;2018
1385;Capri;1969;2025
1386;Consul;1972;1976
1387;Contour;1994;2000
1388;Cortina;1970;1976
1389;Cougar;1998;2002
1390;Country Squire;1950;1968
1391;Crestline;1952;1955
1392;Crown Victoria;1992;2011
1393;Custom;1949;1955
1394;C-MAX;2003;2019
1395;Econoline;1968;2013
1396;Econovan;1979;1996
1397;EcoSport;2003;2023
1398;Edge;2006;2025
1399;Equator;2021;2025
1400;Equator Sport;2021;2025
1401;Escape;2000;2025
1402;Escort;1968;2023
1403;Escort (North America);1990;2003
1404;Everest;2003;2025
1405;Evos;2021;2024
1406;Excursion;1999;2005
1407;Expedition;1996;2025
1408;Explorer;1990;2025
1409;Explorer EV;2024;2025
1410;Explorer Sport Trac;2000;2010
1411;Fairlane;1957;1981
1412;Fairmont;1978;1983
1413;Falcon;1960;1979
1414;Festiva;1986;2003
1415;Fiesta;1976;2023
1416;Fiesta ST;2004;2023
1417;Figo;2010;2021
1418;Five Hundred;2004;2007
1419;Flex;2008;2019
1420;Focus;1998;2025
1421;Focus RS;2002;2018
1422;Focus ST;2001;2025
1423;Freda;1995;1999
1424;Freestar;2003;2007
1425;Freestyle;2004;2009
1426;Fusion;2002;2012
1427;Fusion (North America);2005;2020
1428;F-100;1952;1956
1429;F-150;1979;2025
1430;F-2;1948;1952
1431;Galaxie;1960;1974
1432;Galaxy;1995;2023
1433;GPA;1942;1943
1434;Granada;1972;1985
1435;Granada (North America);1975;1982
1436;GT;2005;2022
1437;GT40;1964;1969
1438;Ikon;1999;2015
1439;Ixion;1999;2005
1440;KA;1996;2021
1441;Kuga;2008;2025
1442;Laser;1981;2003
1443;LTD;1967;1968
1444;LTD Country Squire;1969;1991
1445;LTD Crown Victoria;1983;1991
1446;M151;1959;1982
1447;Mainline;1952;1956
1448;Maverick;1969;2025
1449;Model A;1927;1931
1450;Model T;1908;1927
1451;Mondeo;1993;2025
1452;Mondeo ST;1999;2007
1453;Mustang;1964;2025
1454;Mustang Mach-E;2020;2025
1455;Orion;1983;1993
1456;Probe;1988;1997
1457;Puma;1997;2025
1458;Puma ST;2020;2025
1459;Ranchero;1957;1976
1460;Ranger;1998;2025
1461;Ranger (North America);1983;2012
1462;Scorpio;1985;1998
1463;Sierra;1982;1993
1464;Spectron;1983;1995
1465;S-MAX;2006;2023
1466;Taunus;1964;1982
1467;Taurus;1985;2019
1468;Taurus X;2007;2009
1469;Telstar;1987;1999
1470;Tempo;1983;1994
1471;Territory;2004;2025
1472;Thunderbird;1955;2005
1473;Torino;1968;1976
1474;Tourneo Connect;2002;2025
1475;Tourneo Courier;2014;2025
1476;Tourneo Custom;2012;2025
1477;Transit;1978;1985
1478;Transit Connect;2002;2024
1479;Transit Custom;2012;2025
1480;V8;1932;1939
1481;Windstar;1994;2003
1482;Zephyr;1951;1962
1483;CM7;2013;2020
1484;Friday;2023;2025
1485;Lingzhi M5;2020;2025
1486;Lingzhi Plus;2023;2025
1487;M7;2020;2025
1488;T5;2018;2025
1489;T5L;2019;2022
1490;T5 EVO;2020;2025
1491;Thunder;2023;2025
1492;U-Tour M4;2024;2025
1493;V9;2024;2025
1494;Xinghai S7;2024;2025
1495;Yacht;2022;2025
1496;Mars 7;2023;2025
1497;Mars 9;2023;2025
1498;Midi;2007;2014
1499;Sauvana;2015;2020
1500;Tunland;2011;2018
1501;Tunland G7;2019;2025
1502;Tunland G9;2021;2025
1503;Tunland V7;2024;2025
1504;Tunland V9;2024;2025
1505;Series 15;1930;1934
1506;125p;1967;1992
1507;126p;1973;1991
1508;127p;1971;1976
1509;132p;1974;1978
1510;Lanos;2004;2008
1511;Polonez;1977;2002
1512;Warszawa;1964;1973
1513;Tarpan;1973;1995
1514;6500 (Land King);2005;2005
1515;Empow;2024;2025
1516;GN8;2019;2023
1517;GS3;2024;2025
1518;GS4;2024;2025
1519;GS5;2020;2024
1520;GS8;2016;2025
1521;iA5;2019;2022
1522;M8;2023;2025
1523;12 ЗИМ;1948;1960
1524;13 «Чайка»;1959;1981
1525;14 «Чайка»;1977;1989
1526;18;1955;1958
1527;21 «Волга»;1956;1970
1528;22 «Волга»;1962;1970
1529;2308 «Атаман»;1999;2000
1530;2330 «Тигр»;2003;2025
1531;24 «Волга»;1968;1992
1532;25;1939;1939
1533;3102 «Волга»;1982;2009
1534;31022 «Волга»;1992;1998
1535;310221 «Волга»;1997;2008
1536;31029 «Волга»;1992;1998
1537;3103 «Волга»;1997;1997
1538;3105 «Волга»;1992;1996
1539;3110 «Волга»;1997;2008
1540;31105 «Волга»;2003;2009
1541;3111 «Волга»;2000;2004
1542;46;1953;1958
1543;61;1941;1948
1544;64;1941;1943
1545;ГАЗ 67;1943;1953
1546;69;1953;1972
1547;А;1932;1936
1548;М1;1934;1948
1549;М-20 «Победа»;1946;1958
1550;М-72;1955;1958
1551;Volga Siber;2008;2010
1552;Atlas;2016;2025
1553;Atlas Pro;2021;2025
1554;Azkarra;2019;2023
1555;Beauty Leopard;2005;2006
1556;Binrui;2018;2022
1557;Binrui Cool;2022;2025
1558;Binyue;2018;2025
1559;Binyue Cool;2022;2025
1560;Binyue L;2024;2025
1561;Boyue;2016;2025
1562;Boyue Cool;2023;2025
1563;Boyue Pro;2019;2023
1564;Cityray;2024;2025
1565;CK (Otaka);2005;2016
1566;Coolray;2019;2025
1567;Cowboy;2024;2025
1568;Emgrand;2018;2025
1569;Emgrand 7;2016;2020
1570;Emgrand EC8;2012;2015
1571;Emgrand EC7;2009;2016
1572;Emgrand GL;2016;2021
1573;Emgrand GT;2015;2020
1574;Emgrand L;2021;2025
1575;Emgrand S;2022;2025
1576;Emgrand X7;2011;2021
1577;EX2;2025;2025
1578;EX5;2024;2025
1579;EX5 EM-i;2025;2025
1580;Galaxy A7;2025;2025
1581;Galaxy E5;2024;2025
1582;Galaxy E8;2023;2025
1583;Galaxy L6;2023;2025
1584;Galaxy L7;2023;2025
1585;Galaxy LEVC L380;2024;2025
1586;Galaxy M9;2025;2025
1587;Galaxy Starshine 6;2025;2025
1588;Galaxy Starshine 8;2025;2025
1589;Galaxy Starship 7;2024;2025
1590;GC5;2011;2015
1591;GC6;2014;2016
1592;GC7;2010;2013
1593;GC9;2015;2024
1594;Geometry A;2019;2025
1595;Geometry C;2020;2025
1596;Geometry E;2022;2025
1597;Geometry G6;2022;2025
1598;Geometry M6;2022;2025
1599;Geome Xingyuan;2024;2025
1600;GS;2016;2021
1601;GX3 Pro;2021;2025
1602;Haoqing;1998;2006
1603;Haoyue;2020;2022
1604;Haoyue L;2022;2025
1605;Haoyue Pro;2024;2025
1606;Icon;2019;2025
1607;Jiaji;2019;2025
1608;Kandi EX3;2018;2018
1609;LC (Panda);2008;2016
1610;LC (Panda) Cross;2008;2016
1611;MK;2006;2015
1612;MK Cross;2010;2016
1613;Monjaro;2021;2025
1614;MR;2003;2009
1615;Okavango;2020;2025
1616;Panda;2022;2025
1617;Preface;2020;2025
1618;Radar King Kong;2024;2025
1619;SC7;2011;2015
1620;Tugella;2019;2024
1621;TX4;2008;2017
1622;FC (Vision);2006;2011
1623;Vision X3;2017;2021
1624;Vision X3 Pro;2021;2025
1625;Vision X6;2016;2021
1626;Vision X6 Pro;2021;2025
1627;Xingyue;2019;2025
1628;Xingyue L;2021;2025
1629;Yuancheng (Farizon) FX;2020;2023
1630;G70;2017;2025
1631;G80;2016;2025
1632;G90;2016;2025
1633;GV60;2021;2025
1634;GV70;2020;2025
1635;GV80;2020;2025
1636;GV80 Coupe;2023;2025
1637;Metro;1989;1997
1638;Prizm;1992;2002
1639;Spectrum;1988;1993
1640;Storm;1990;1993
1641;Tracker;1989;1998
1642;T.33;2022;2025
1643;T.50;2022;2025
1644;100;1957;1957
1645;Acadia;2006;2025
1646;Canyon;2004;2025
1647;C/K;1973;1987
1648;Envoy;1997;2009
1649;Hummer EV;2021;2025
1650;Jimmy;1982;2005
1651;Safari;1985;2005
1652;Savana;1996;2025
1653;Sierra;1998;2025
1654;Sonoma;1991;2004
1655;Suburban;1992;1999
1656;Syclone;1991;1991
1657;Terrain;2009;2025
1658;Typhoon;1991;1993
1659;Vandura;1970;1996
1660;Yukon;1991;2025
1661;T;1955;1969
1662;TS;1957;1969
1663;Aoosed G5;2010;2012
1664;GX6;2014;2016
1665;Troy;2008;2012
1666;Roadster;1997;2025
1667;Madison;1980;1999
1668;Coolbear;2009;2013
1669;Cowry (V80);2007;2014
1670;Deer;1996;2013
1671;Florid;2008;2013
1672;Hover H3;2010;2016
1673;Hover H5;2010;2017
1674;Hover H6;2011;2017
1675;Hover;2005;2010
1676;Hover M1 (Peri 4x4);2008;2010
1677;Hover M2;2010;2014
1678;Hover M4;2012;2017
1679;Hover Pi;2006;2010
1680;Pegasus;2006;2008
1681;Peri;2008;2010
1682;Poer;2019;2025
1683;Poer King Kong;2022;2025
1684;Safe;2001;2010
1685;Sailor;2003;2010
1686;Shanhai Poer;2022;2025
1687;Sing RUV;2005;2010
1688;Socool;2005;2008
1689;Voleex C10 (Phenom);2010;2013
1690;Voleex C30;2010;2014
1691;Voleex C50;2011;2016
1692;Wingle 7;2018;2023
1693;Wingle;2006;2015
1694;Brio;2002;2010
1695;Minyi;2003;2018
1696;Princip;2004;2010
1697;Saibao;2004;2008
1698;Sigma;2005;2008
1699;Simbo;2006;2008
1700;2;2009;2015
1701;3;2010;2013
1702;6P;2021;2022
1703;7;2013;2016
1704;7X;2020;2025
1705;8S;2019;2025
1706;Aishang EV;2017;2022
1707;E3;2016;2019
1708;Family;2003;2012
1709;Family F7;2016;2018
1710;Freema;2006;2017
1711;M3;2014;2017
1712;S5;2014;2019
1713;S5 Young;2017;2018
1714;Rekord;1934;1940
1715;Typ 13;1939;1941
1716;X7;2016;2021
1717;Chitu;2021;2025
1718;DaGou (Big Dog);2020;2025
1719;Dargo;2022;2025
1720;F5;2018;2020
1721;F7;2018;2025
1722;F7x;2019;2025
1723;F8;2024;2025
1724;H1;2014;2018
1725;H2;2014;2021
1726;H2s;2016;2020
1727;H3;2024;2025
1728;H4;2018;2020
1729;H5;2020;2025
1730;H6;2014;2025
1731;H6L;2025;2025
1732;H6S;2021;2025
1733;H6 Coupe;2015;2021
1734;H7;2016;2025
1735;H8;2014;2017
1736;H9;2014;2025
1737;Jolion;2021;2025
1738;KuGou;2022;2025
1739;M6;2017;2025
1740;Menglong (Raptor);2023;2025
1741;Shenshou;2021;2025
1742;Xiaolong;2023;2025
1743;Xiaolong Max;2023;2025
1744;Boliger;2011;2020
1745;B21;2013;2017
1746;Laville;2016;2020
1747;06;2025;2025
1748;Typ 154;1956;1958
1749;Venom F5;2021;2025
1750;Venom GT;2011;2017
1751;Ambassador;1979;2014
1752;Contessa;1984;2002
1753;X;2020;2024
1754;Y;2023;2024
1755;Z;2022;2024
1756;K6;1934;1937
1757;Apollo;1991;1996
1758;Astra;1999;2004
1759;Barina;1997;2005
1760;Calais;1988;2006
1761;Caprice;1990;2006
1762;Commodore;1990;2002
1763;Cruze;2002;2006
1764;Frontera;1998;2003
1765;Jackaroo;1998;2003
1766;Monaro;2001;2005
1767;Rodeo;1998;2003
1768;Statesman;1990;2006
1769;UTE;2000;2013
1770;Vectra;1998;2001
1771;Zafira;2001;2005
1772;145;1972;1974
1773;Accord;1976;2025
1774;Acty;1977;2018
1775;Airwave;2005;2010
1776;Ascot;1989;1997
1777;Ascot Innova;1992;1996
1778;Avancier;1999;2025
1779;Ballade;1980;1987
1780;Beat;1991;1996
1781;Breeze;2019;2025
1782;Brio;2011;2018
1783;Capa;1998;2002
1784;City;1981;2025
1785;Civic;1972;2025
1786;Civic Ferio;1991;2006
1787;Civic Type R;1997;2025
1788;Concerto;1988;1994
1789;Crider;2013;2025
1790;Crossroad;2007;2010
1791;Crosstour;2009;2015
1792;CR-V;1995;2025
1793;CR-X;1983;1998
1794;CR-Z;2010;2017
1795;Domani;1992;2000
1796;e;2019;2024
1797;Edix;2004;2009
1798;Element;2002;2011
1799;Elevate;2023;2025
1800;Elysion;2004;2025
1801;Envix;2019;2025
1802;e:NP1;2022;2025
1803;e:NP2;2024;2025
1804;e:NS1;2022;2025
1805;e:NS2;2024;2025
1806;e:Ny1;2023;2025
1807;Clarity;2008;2021
1808;Fit;2001;2025
1809;Fit Aria;2002;2009
1810;Fit Shuttle;2011;2015
1811;Freed;2008;2025
1812;FR-V;2004;2009
1813;Grace;2014;2020
1814;Horizon;1994;1999
1815;HR-V;1998;2025
1816;Insight;1999;2022
1817;Inspire;1989;2025
1818;Integra;1985;2025
1819;Integra SJ;1996;2001
1820;Jade;2015;2020
1821;Jazz;1983;2025
1822;Lagreat;1998;2005
1823;Legend;1985;2021
1824;Life;1997;2025
1825;Logo;1996;2001
1826;MDX;2003;2006
1827;Mobilio;2001;2025
1828;Mobilio Spike;2002;2008
1829;N360;1969;1970
1830;NSX;1990;2022
1831;N-BOX;2011;2025
1832;N-BOX+;2012;2018
1833;N-BOX Slash;2014;2020
1834;N-One;2012;2025
1835;N-VAN;2018;2025
1836;N-WGN;2013;2022
1837;Odyssey;1994;2025
1838;Odyssey (North America);1994;2025
1839;Orthia;1996;2002
1840;Partner;1996;2010
1841;Passport;1993;2025
1842;Pilot;2002;2025
1843;Prelude;1978;2001
1844;Prologue;2024;2025
1845;Quint;1980;1989
1846;Rafaga;1993;1997
1847;Ridgeline;2005;2025
1848;S2000;1999;2009
1849;S500;1963;1964
1850;S600;1964;1966
1851;S660;2015;2022
1852;Saber;1995;2003
1853;Shuttle;1994;2022
1854;Stepwgn;1996;2025
1855;Stream;2000;2014
1856;Street;1988;1998
1857;S-MX;1996;2002
1858;That'S;2002;2007
1859;Today;1985;1998
1860;Torneo;1997;2002
1861;UR-V;2017;2025
1862;Vamos;1999;2018
1863;Vezel;2013;2025
1864;Vigor;1989;1998
1865;WR-V;2017;2025
1866;XR-V;2014;2025
1867;Ye P7;2025;2025
1868;Ye S7;2024;2025
1869;Z;1998;2002
1870;Zest;2006;2012
1871;ZR-V;2022;2025
1872;EH7;2024;2025
1873;E-HS3;2018;2023
1874;E-HS7;2024;2025
1875;E-HS9;2020;2025
1876;E-QM5;2021;2025
1877;H5;2017;2025
1878;H6;2023;2025
1879;H7;2013;2022
1880;H9;2020;2025
1881;HQ9;2022;2025
1882;HS3;2023;2025
1883;HS5;2019;2025
1884;HS7;2019;2025
1885;L1 (Guoya);2024;2025
1886;L5;2014;2025
1887;LS7;2022;2025
1888;Tiangong 05;2025;2025
1889;Tiangong 06;2025;2025
1890;Tiangong 08;2025;2025
1891;830;1933;1940
1892;853;1935;1939
1893;901;1937;1943
1894;Neta GT;2023;2025
1895;Neta L;2024;2025
1896;Neta S;2022;2025
1897;Neta U;2020;2022
1898;Neta U-II;2022;2023
1899;Neta V;2020;2025
1900;Neta X;2023;2025
1901;Maloo;2013;2017
1902;EK01;2020;2023
1903;Antelope;2006;2009
1904;Landscape;2008;2011
1905;N1;2014;2025
1906;N7;2023;2025
1907;Plutus;2007;2011
1908;Omega;2023;2025
1909;Deluxe Eight;1936;1937
1910;Super Six;1916;1928
1911;Hawk;1962;1964
1912;H1;1992;2006
1913;H2;2002;2009
1914;H3;2005;2010
1915;007;2020;2025
1916;A06;2022;2025
1917;V09;2023;2025
1918;Z03;2021;2025
1919;XP-1;2022;2024
1920;Accent;1994;2025
1921;Alcazar;2021;2025
1922;Aslan;2014;2018
1923;Atos;1997;2008
1924;Avante;1995;2025
1925;Avante N;2020;2025
1926;Azera;2005;2022
1927;Bayon;2021;2025
1928;Casper;2021;2025
1929;Celesta;2017;2023
1930;Centennial;1999;2008
1931;Click;2002;2011
1932;Coupe;1996;2009
1933;Creta;2016;2025
1934;Custin;2021;2025
1935;Custo;2021;2025
1936;Dynasty;1996;2005
1937;Elantra;1990;2025
1938;Elantra N;2021;2025
1939;Elexio;2025;2025
1940;Encino;2018;2020
1941;Entourage;2006;2009
1942;EON;2011;2019
1943;Equus;1999;2016
1944;Excel;1985;1998
1945;Exter;2023;2025
1946;Galloper;1991;2003
1947;Genesis;2008;2016
1948;Genesis Coupe;2009;2016
1949;Getz;2002;2011
1950;Grace;1986;2004
1951;Grandeur;1986;2025
1952;Grand Starex;2007;2021
1953;H200;1997;2007
1954;HB20;2012;2025
1955;H-1;1997;2021
1956;i10;2007;2025
1957;i20;2008;2025
1958;i20 N;2021;2023
1959;i30;2007;2025
1960;i30 N;2017;2025
1961;i40;2011;2019
1962;Inster;2024;2025
1963;IONIQ;2016;2022
1964;IONIQ 5;2021;2025
1965;IONIQ 5 N;2023;2025
1966;IONIQ 6;2022;2025
1967;IONIQ 9;2025;2025
1968;ix20;2010;2019
1969;ix25;2014;2021
1970;ix35;2010;2023
1971;ix55;2008;2013
1972;Kona;2017;2025
1973;Kona N;2021;2023
1974;Lafesta;2018;2024
1975;Lantra;1990;2000
1976;Lavita;2001;2007
1977;Marcia;1995;1998
1978;Matrix;2001;2010
1979;Maxcruz;2012;2020
1980;Mistra;2020;2023
1981;Mufasa;2023;2025
1982;Nexo;2018;2025
1983;Palisade;2018;2025
1984;Pony;1975;1994
1985;Santamo;1995;2002
1986;Santa Cruz;2021;2025
1987;Santa Fe;2000;2025
1988;Santro;1998;2022
1989;Scoupe;1988;1996
1990;Solaris;2010;2022
1991;Sonata;1988;2025
1992;Starex;1997;2007
1993;Stargazer;2022;2025
1994;Staria;2021;2025
1995;Stellar;1983;1993
1996;Terracan;2001;2007
1997;Tiburon;1996;2009
1998;Trajet;1999;2008
1999;Tucson;2004;2025
2000;Tuscani;2001;2009
2001;Veloster;2011;2022
2002;Venue;2019;2025
2003;Veracruz;2006;2015
2004;Verna;1999;2025
2005;XG;1998;2005
2006;03;2023;2025
2007;V23;2024;2025
2008;V27;2025;2025
2009;2125 «Комби»;1973;1997
2010;2126 «Ода»;1990;2005
2011;21261 «Фабула»;2004;2005
2012;2715;1972;2001
2013;2717;1997;2005
2014;27175;2005;2012
2015;Москвич-412;1967;1998
2016;L6;2024;2025
2017;L7;2022;2025
2018;LS6;2023;2025
2019;LS7;2023;2025
2020;LS9;2025;2025
2021;Grenadier;2022;2025
2022;EX;2007;2013
2023;FX;2002;2013
2024;G;1991;2013
2025;I;1995;2004
2026;J;1992;1997
2027;JX;2012;2014
2028;M;1989;2013
2029;Q;1989;2006
2030;Q30;2015;2019
2031;Q40;2014;2015
2032;Q50;2013;2025
2033;Q60;2013;2022
2034;Q70;2013;2019
2035;QX30;2016;2019
2036;QX4;1996;2003
2037;QX50;2013;2025
2038;QX55;2021;2025
2039;QX56;2004;2013
2040;QX60;2013;2025
2041;QX70;2013;2017
2042;QX80;2013;2025
2043;Elba;1991;1997
2044;Mille;1994;1997
2045;Mini;1965;1993
2046;Scout;1971;1980
2047;Travelall;1969;1975
2048;S1;2004;2012
2049;Arisun;2015;2025
2050;Dena;2011;2025
2051;Paykan;1985;2005
2052;Runna;2012;2025
2053;Sahra;1989;2001
2054;Samand;2001;2022
2055;Sarir;2006;2017
2056;Soren;2007;2025
2057;Tara;2021;2025
2058;Commendatore 112i;1993;1993
2059;Imperator 108i;1984;1993
2060;Spyder;1983;1993
2061;117;1968;1981
2062;Amigo;1989;2000
2063;Ascender;2003;2008
2064;Aska;1983;2002
2065;Axiom;2002;2004
2066;Bellett;1963;1973
2067;Bighorn;1981;2002
2068;D-Max;2002;2025
2069;Fargo;1980;2002
2070;Fargo Filly;1997;2005
2071;Florian;1967;1983
2072;Gemini;1974;2000
2073;Hombre;1995;2000
2074;Impulse;1983;1993
2075;KB;1980;2003
2076;Lingtuo;2018;2025
2077;Midi;1986;1996
2078;MU;1989;2004
2079;MU-7;2004;2013
2080;MU-X;2013;2025
2081;Oasis;1995;1999
2082;Piazza;1980;1993
2083;Rodeo;1989;2004
2084;Stylus;1990;1993
2085;T17;2021;2025
2086;T30 Explorer;2023;2025
2087;TF (Pickup);1988;2002
2088;Trooper;1981;2002
2089;VehiCross;1997;2001
2090;Wizard;1990;2004
2091;Massif;2007;2011
2092;A5;2019;2021
2093;E30X;2024;2025
2094;Hunter;2021;2025
2095;iEV7L;2017;2025
2096;iEV7S;2018;2023
2097;iEVA50;2018;2025
2098;iEVS4;2019;2022
2099;J2 (Yueyue);2010;2016
2100;J3 (Tongyue,Tojoy);2009;2017
2101;J4 (Heyue A30);2013;2019
2102;J5 (Heyue);2014;2017
2103;J6 (Heyue RS);2011;2015
2104;J7;2020;2025
2105;J7 (Binyue);2008;2015
2106;Jiayue X7;2020;2021
2107;JS2;2018;2025
2108;JS2 Pro;2024;2025
2109;JS3;2023;2025
2110;JS4;2020;2025
2111;JS5;2024;2025
2112;JS6;2022;2025
2113;JS9;2025;2025
2114;M4;2016;2025
2115;M5;2011;2025
2116;M1 (Refine);2006;2011
2117;Refine L6 Max;2020;2025
2118;Refine M3;2016;2025
2119;Refine RF8;2023;2025
2120;S1 (Rein);2007;2013
2121;S3 Pro;2022;2025
2122;S4;2018;2022
2123;S5 (Eagle);2013;2021
2124;S6;2021;2025
2125;S7;2020;2025
2126;Sehol A5 Plus;2021;2025
2127;Sehol Aipao;2022;2025
2128;Sehol E20X;2018;2021
2129;Sehol X6;2022;2025
2130;Sehol X8;2020;2025
2131;Sehol X8 Plus;2022;2025
2132;S2;2015;2019
2133;S3;2014;2025
2134;T6;2015;2025
2135;T8;2023;2025
2136;T8 Pro;2020;2025
2137;T9;2023;2025
2138;J5;2024;2025
2139;J7;2023;2025
2140;J8;2024;2025
2141;E-Pace;2017;2024
2142;E-type;1961;1975
2143;F-Pace;2016;2025
2144;F-Type;2013;2024
2145;I-Pace;2018;2024
2146;Mark 2;1959;1967
2147;Mark IX;1958;1961
2148;S-Type;1963;2008
2149;XE;2015;2024
2150;XF;2007;2024
2151;XFR;2009;2015
2152;XJ;1968;2019
2153;XJ220;1992;1994
2154;XJR;1994;2019
2155;XJS;1975;1996
2156;XK;1948;2014
2157;XKR;1998;2014
2158;X-Type;2001;2009
2159;Avenger;2023;2025
2160;Cherokee;1983;2023
2161;CJ;1966;1987
2162;Comanche;1985;1992
2163;Commander;2005;2010
2164;Compass;2006;2025
2165;Gladiator;2019;2025
2166;Grand Cherokee;1992;2025
2167;Grand Commander;2018;2022
2168;Wagoneer;1984;2025
2169;Liberty (North America);2001;2012
2170;Liberty (Patriot);2006;2016
2171;Renegade;2014;2025
2172;Wagoneer S;2024;2025
2173;Wrangler;1986;2025
2174;Interceptor;1966;1976
2175;S-V8;2001;2003
2176;DASHING;2022;2025
2177;Freedom;2025;2025
2178;G700;2025;2025
2179;Shanhai L6;2024;2025
2180;Shanhai L7;2024;2025
2181;Shanhai L9;2023;2025
2182;Shanhai T1;2024;2025
2183;Shanhai T2;2024;2025
2184;T1;2025;2025
2185;T2;2023;2025
2186;Traveller;2023;2025
2187;X50;2024;2025
2188;X70;2018;2025
2189;X70L;2025;2025
2190;X70 PLUS;2020;2025
2191;X70 Pro;2023;2025
2192;X90;2019;2025
2193;X90 PLUS;2021;2025
2194;X90 Pro;2024;2025
2195;X95;2019;2023
2196;VA3;2019;2025
2197;VA7;2024;2025
2198;VS5;2019;2025
2199;VS7;2020;2025
2200;VS8;2025;2025
2201;Chuanqi;2005;2006
2202;01;2024;2025
2203;07;2024;2025
2204;Haise;2000;2022
2205;Haise S;2023;2025
2206;Baodian;2006;2025
2207;Dadao;2023;2025
2208;Vigus;2023;2025
2209;Vigus Work;2021;2025
2210;Yuhu 7;2017;2025
2211;01;2023;2025
2212;EV3;2023;2025
2213;GSE (Yi);2022;2025
2214;UFO A380;2005;2015
2215;E5;2021;2025
2216;Shiyue;2023;2025
2217;X3;2020;2025
2218;X3 Pro;2022;2025
2219;X7 Kunlun;2023;2025
2220;2317;1999;2001
2221;Revero;2016;2020
2222;Revero GT;2020;2025
2223;K1;2014;2018
2224;K150;2014;2017
2225;K150GT;2017;2023
2226;Actyon;2024;2025
2227;Korando;2023;2025
2228;Rexton;2023;2025
2229;Rexton Sports;2023;2025
2230;Tivoli;2023;2025
2231;Torres;2023;2025
2232;Avella;1994;2000
2233;Borrego;2008;2011
2234;Cachet;2014;2020
2235;Cadenza;2009;2021
2236;Capital;1989;1996
2237;Carens;1999;2025
2238;Carnival;1998;2025
2239;Carstar;1999;2003
2240;Ceed;2006;2025
2241;Ceed GT;2012;2021
2242;Cerato;2003;2025
2243;Clarus;1996;2001
2244;Concord;1987;1995
2245;Elan;1996;1999
2246;Enterprise;1997;2002
2247;EV3;2024;2025
2248;EV4;2025;2025
2249;EV5;2023;2025
2250;EV6;2021;2025
2251;EV9;2023;2025
2252;Forte;2008;2025
2253;Joice;1999;2004
2254;K3;2012;2025
2255;K4;2024;2025
2256;K5;2010;2025
2257;K7;2009;2021
2258;K8;2021;2025
2259;K9;2012;2025
2260;K900;2014;2022
2261;KX1;2018;2025
2262;KX3;2019;2023
2263;KX5;2016;2022
2264;KX7;2017;2021
2265;Lotze;2005;2010
2266;Magentis;2000;2010
2267;Mentor;1996;2002
2268;Mohave;2008;2025
2269;Morning;2004;2025
2270;Niro;2016;2025
2271;Opirus;2003;2011
2272;Optima;2000;2020
2273;Pegas;2017;2025
2274;Picanto;2004;2025
2275;Potentia;1992;2001
2276;Pregio;1995;2007
2277;Pride;1987;2017
2278;Proceed;2018;2025
2279;PV5;2025;2025
2280;Quanlima;2002;2006
2281;Quoris;2012;2018
2282;Ray;2011;2025
2283;Retona;1998;2003
2284;Rio;1999;2023
2285;Sedona;1998;2021
2286;Seltos;2019;2025
2287;Sephia;1992;2004
2288;Shuma;1996;2004
2289;Sonet;2020;2025
2290;Sorento;2002;2025
2291;Soul;2008;2025
2292;Soul EV;2014;2023
2293;Spectra;2000;2011
2294;Sportage;1993;2025
2295;Sportage (China);2018;2025
2296;Stinger;2017;2023
2297;Stonic;2017;2025
2298;Syros;2025;2025
2299;Tasman;2025;2025
2300;Telluride;2019;2025
2301;Towner;1999;2002
2302;Venga;2009;2018
2303;Visto;1999;2004
2304;XCeed;2019;2025
2305;X-Trek;2003;2006
2306;001;2024;2025
2307;Agera;2011;2018
2308;CC850;2022;2025
2309;CC8S;2002;2004
2310;CCR;2004;2006
2311;CCX;2006;2010
2312;Gemera;2024;2025
2313;Jesko;2021;2025
2314;One:1;2014;2014
2315;Regera;2015;2022
2316;Т98;2000;2025
2317;X-Bow;2008;2025
2318;F3;2021;2025
2319;350/400 GT;1964;1968
2320;Aventador;2011;2022
2321;Centenario;2016;2018
2322;Countach;1974;1991
2323;Countach LPI 800-4;2021;2023
2324;Diablo;1990;2001
2325;Egoista;2013;2013
2326;Espada;1968;1981
2327;Fenomeno;2025;2025
2328;Gallardo;2003;2013
2329;Huracán;2014;2024
2330;Islero;1968;1969
2331;Jalpa;1981;1988
2332;Jarama;1968;1976
2333;LM001;1981;1981
2334;LM002;1986;1993
2335;Miura;1966;1973
2336;Murcielago;2001;2010
2337;Reventon;2007;2010
2338;Revuelto;2023;2025
2339;Sesto Elemento;2010;2011
2340;Sián;2019;2022
2341;Silhouette;1976;1979
2342;Temerario;2024;2025
2343;Urraco;1972;1981
2344;Urus;2017;2025
2345;Veneno;2013;2013
2346;Appia;1953;1963
2347;Aurelia;1950;1953
2348;A 112;1982;1986
2349;Beta;1972;1984
2350;Dedra;1989;2000
2351;Delta;1979;2014
2352;Flaminia;1952;1970
2353;Flavia;2012;2014
2354;Fulvia;1968;1975
2355;Gamma;1976;1984
2356;Hyena;1992;1996
2357;Kappa;1994;2000
2358;Lambda;1922;1931
2359;Lybra;1999;2006
2360;Monte Carlo;1975;1981
2361;Musa;2004;2012
2362;Phedra;2002;2010
2363;Prisma;1982;1989
2364;Rally 037;1982;1983
2365;Stratos;1973;1976
2366;Thema;1984;2014
2367;Thesis;2002;2009
2368;Trevi;1980;1984
2369;Voyager;2011;2015
2370;Y10;1985;1995
2371;Ypsilon;1995;2025
2372;Zeta;1995;2002
2373;Fashion (CV9);2006;2011
2374;Forward;2006;2011
2375;Х9;2005;2016
2376;X5;2012;2020
2377;X6;2005;2016
2378;X7;2015;2019
2379;Defender;1983;2025
2380;Discovery;1989;2025
2381;Discovery Sport;2014;2025
2382;Range Rover Evoque;2011;2025
2383;Freelander;1997;2014
2384;Range Rover;1970;2025
2385;Range Rover Sport;2005;2025
2386;Range Rover Velar;2017;2025
2387;Series I;1948;1956
2388;Series II;1958;1971
2389;Series III;1971;1985
2390;B01;2025;2025
2391;B05 (Lafa 5);2025;2025
2392;B10;2025;2025
2393;C01;2022;2025
2394;C10;2023;2025
2395;C11;2021;2025
2396;C16;2024;2025
2397;S01;2019;2021
2398;T03;2020;2025
2399;Mengo;2020;2023
2400;Mengo Pro;2025;2025
2401;L380;2024;2025
2402;TX;2018;2025
2403;CT;2010;2022
2404;ES;1989;2025
2405;GS;1993;2020
2406;GS F;2015;2018
2407;GX;2002;2025
2408;HS;2009;2018
2409;IS;1999;2025
2410;IS F;2007;2014
2411;LBX;2023;2025
2412;LC;2017;2025
2413;LFA;2010;2012
2414;LM;2019;2025
2415;LS;1989;2025
2416;LX;1995;2025
2417;NX;2014;2025
2418;RC;2014;2025
2419;RC F;2014;2025
2420;RX;1997;2025
2421;RZ;2022;2025
2422;SC;1991;2010
2423;TX;2023;2025
2424;UX;2018;2025
2425;Leopard;1999;2014
2426;650 EV;2018;2020
2427;Breez (520);2007;2014
2428;Cebrium (720);2014;2018
2429;Celliya (530);2014;2018
2430;Murman (820);2015;2020
2431;Myway;2016;2020
2432;Smily;2008;2018
2433;Solano;2008;2018
2434;X50;2015;2019
2435;X60;2011;2018
2436;X70;2017;2020
2437;JS 51;2009;2016
2438;Aviator;2002;2025
2439;Blackwood;2001;2002
2440;Capri;1952;1959
2441;Continental;1939;2020
2442;Continental Mark;1968;1983
2443;Corsair;2019;2025
2444;LS;1999;2006
2445;Mark III;1968;1971
2446;Mark IV;1972;1976
2447;Mark LT;2005;2014
2448;Mark VII;1984;1992
2449;Mark VIII;1992;1998
2450;MKC;2014;2019
2451;MKS;2008;2016
2452;MKT;2009;2019
2453;MKX;2006;2018
2454;MKZ;2006;2020
2455;Nautilus;2018;2025
2456;Navigator;1997;2025
2457;Premiere;1955;1960
2458;Town Car;1980;2011
2459;Versailles;1977;1980
2460;Z;2021;2025
2461;Zephyr;1936;1942
2462;L;2024;2025
2463;7;2022;2025
2464;9;2022;2025
2465;S6 Pro;2023;2025
2466;Smurf;2025;2025
2467;X3 Pro;2022;2025
2468;X6 Pro;2023;2025
2469;i6;2025;2025
2470;i8;2025;2025
2471;L6;2024;2025
2472;L7;2023;2025
2473;L8;2022;2025
2474;L9;2022;2025
2475;Mega;2024;2025
2476;One;2019;2023
2477;EC30;2018;2020
2478;2-Eleven;2007;2011
2479;340R;2000;2000
2480;3-Eleven;2015;2018
2481;Eclat;1975;1986
2482;Elan;1989;1995
2483;Eletre;2022;2025
2484;Elise;1995;2021
2485;Elite;1974;1982
2486;Emeya;2024;2025
2487;Emira;2021;2025
2488;Esprit;1976;2004
2489;Europa;1970;1976
2490;Europa S;2006;2010
2491;Evija;2019;2025
2492;Evora;2009;2021
2493;Excel;1982;1992
2494;Exige;2001;2021
2495;FX4;1984;1989
2496;TX;1998;2010
2497;1302 Волынь;1990;2001
2498;967;1965;1989
2499;969;1966;1992
2500;Air;2021;2025
2501;Gravity;2024;2025
2502;R7;2024;2025
2503;S7;2023;2025
2504;Luxgen7 MPV;2009;2014
2505;Luxgen7 SUV;2013;2017
2506;Luxgen5;2012;2020
2507;U6 Turbo;2013;2025
2508;U7 Turbo;2013;2020
2509;01;2017;2025
2510;02;2018;2025
2511;03;2018;2025
2512;05;2020;2025
2513;06;2020;2025
2514;07;2024;2025
2515;08;2023;2025
2516;09;2021;2025
2517;10;2025;2025
2518;900;2025;2025
2519;Z10;2024;2025
2520;Z20;2024;2025
2521;S800;2025;2025
2522;Armada;1990;2005
2523;Bolero;2001;2020
2524;CJ-3;1988;1992
2525;CL;1993;2000
2526;Commander;1990;2013
2527;Marshal;2002;2008
2528;MM;1990;2000
2529;NC 640 DP;1985;2000
2530;Scorpio;2002;2025
2531;Thar;2010;2025
2532;Verito;2011;2019
2533;Voyager;1997;2000
2534;Xylo;2009;2019
2535;30X;2020;2025
2536;X3 Pro;2022;2022
2537;GTS;1997;1999
2538;LM 400;1994;1998
2539;LM 500;1994;1998
2540;Mantis;1997;1999
2541;Marcasite;2002;2007
2542;5EXi;2004;2019
2543;Sportster;2003;2019
2544;B1;2010;2014
2545;B2;2010;2014
2546;1000;1990;2000
2547;800;1983;2012
2548;Alto;2000;2012
2549;Baleno;1999;2007
2550;Esteem;1994;2007
2551;Gypsy;1983;2019
2552;Omni;1984;2019
2553;Versa;2001;2009
2554;Wagon R;1999;2009
2555;Zen;1993;2006
2556;228;1986;1992
2557;3200 GT;1998;2002
2558;420;1985;1994
2559;4200 GT;2002;2007
2560;Barchetta Stradale;1991;1994
2561;Biturbo;1981;1994
2562;Bora;1971;1980
2563;Chubasco;1990;1990
2564;Ghibli;1992;2024
2565;GranCabrio;2010;2025
2566;GranTurismo;2007;2025
2567;Grecale;2022;2025
2568;GT2 Stradale;2024;2025
2569;Indy;1969;1974
2570;Karif;1988;2000
2571;Khamsin;1974;1982
2572;Kyalami;1976;1985
2573;Levante;2016;2024
2574;MC12;2004;2006
2575;MC20;2020;2025
2576;MCPura;2025;2025
2577;Merak;1975;1983
2578;Mexico;1967;1972
2579;Quattroporte;1979;2024
2580;Royale;1985;1993
2581;Shamal;1989;1995
2582;Murena;1980;1983
2583;D60;2019;2023
2584;D90;2017;2025
2585;EUNIQ 5;2019;2022
2586;EUNIQ 6;2020;2023
2587;G10;2013;2025
2588;G20;2019;2025
2589;G50;2019;2025
2590;G50 Max;2025;2025
2591;G50 Plus;2021;2025
2592;G70;2023;2025
2593;G90;2022;2025
2594;Interstellar;2023;2025
2595;MIFA 5;2022;2025
2596;MIFA 7;2023;2025
2597;MIFA 9;2021;2025
2598;T70;2019;2025
2599;T90;2021;2025
2600;Territory;2022;2025
2601;V70;2023;2025
2602;57;2002;2012
2603;62;2002;2012
2604;Exelero;2005;2005
2605;SW38;1936;1938
2606;1000;1967;1977
2607;121;1975;2003
2608;1300;1975;1977
2609;2;2003;2025
2610;3;2003;2025
2611;323;1977;2003
2612;3 MPS;2006;2013
2613;5;2005;2018
2614;6;2002;2025
2615;616;1970;1978
2616;626;1979;2002
2617;6e;2025;2025
2618;6 MPS;2005;2008
2619;818;1974;1978
2620;929;1972;1992
2621;Atenza;2002;2019
2622;Autozam AZ-1;1992;1998
2623;Autozam AZ-3;1991;1998
2624;Autozam Clef;1992;1994
2625;Axela;2003;2019
2626;AZ-Offroad;1998;2014
2627;AZ-Wagon;1994;2012
2628;Biante;2008;2018
2629;Bongo;1966;2020
2630;Bongo Friendee;1995;2005
2631;BT-50;2006;2025
2632;B-series;1985;2006
2633;Capella;1982;2002
2634;Carol;1989;2025
2635;Chantez;1972;1976
2636;Cosmo;1967;1990
2637;Cronos;1991;1995
2638;CX-90;2023;2025
2639;CX-3;2015;2025
2640;CX-30;2019;2025
2641;CX-4;2016;2024
2642;CX-5;2011;2025
2643;CX-50;2022;2025
2644;CX-60;2022;2025
2645;CX-7;2006;2012
2646;CX-70;2024;2025
2647;CX-8;2017;2025
2648;CX-80;2024;2025
2649;CX-9;2006;2025
2650;Demio;1996;2019
2651;Efini MS-6;1991;1994
2652;Efini MS-8;1992;1997
2653;Efini MS-9;1991;1993
2654;Etude;1987;1989
2655;Eunos 100;1989;1994
2656;Eunos 300;1989;1992
2657;Eunos 500;1991;1996
2658;Eunos 800;1993;1997
2659;Eunos Cosmo;1990;1995
2660;Eunos Presso;1991;1998
2661;EZ-6;2024;2025
2662;EZ-60;2025;2025
2663;E-Series;1983;1999
2664;Familia;1985;2025
2665;Flair;2012;2025
2666;Flair Crossover;2014;2025
2667;Flair Wagon;2012;2025
2668;Lantis;1993;1997
2669;Laputa;1998;2006
2670;Luce;1977;1991
2671;Millenia;1994;2003
2672;MPV;1988;2016
2673;MX-3;1991;2000
2674;MX-30;2020;2025
2675;MX-5;1989;2025
2676;MX-6;1991;1997
2677;Navajo;1990;1994
2678;Persona;1988;1992
2679;Premacy;1999;2017
2680;Proceed;1961;2006
2681;Proceed Levante;1995;2001
2682;Proceed Marvie;1990;1999
2683;Protege;1989;2004
2684;Revue;1990;1998
2685;Roadster;1989;2025
2686;RX-5;1976;1980
2687;RX-7;1979;2002
2688;RX-8;2003;2012
2689;R360;1960;1966
2690;Savanna RX-7;1978;1992
2691;Scrum;1991;2025
2692;Sentia;1991;2000
2693;Spiano;2002;2008
2694;Tribute;2000;2011
2695;Verisa;2004;2015
2696;Xedos 6;1992;2000
2697;Xedos 9;1993;2003
2698;MP4-12C;2011;2014
2699;540C;2015;2021
2700;570GT;2016;2021
2701;570S;2015;2021
2702;600LT;2018;2021
2703;650S;2014;2017
2704;675LT;2015;2017
2705;720S;2017;2023
2706;750S;2023;2025
2707;765LT;2020;2023
2708;Artura;2021;2025
2709;Elva;2020;2025
2710;F1;1992;2000
2711;GT;2019;2023
2712;GTS;2023;2025
2713;P1;2013;2015
2714;Senna;2018;2019
2715;W1;2024;2025
2716;Club;1992;1999
2717;Monte Carlo;1996;1999
2718;Track;1992;2000
2719;190 SL;1955;1963
2720;220 (W187);1951;1955
2721;300 SLR;1954;1955
2722;GLC Coupe AMG;2016;2025
2723;AMG GT;2014;2025
2724;AMG ONE;2022;2025
2725;AMG PureSpeed;2024;2025
2726;A-Класс;1997;2025
2727;A-Класс AMG;2013;2025
2728;B-Класс;2005;2025
2729;Citan;2012;2025
2730;CLA;2013;2025
2731;CLA AMG;2013;2025
2732;CLC-Класс;2008;2011
2733;CLE;2023;2025
2734;CLE AMG;2023;2025
2735;CLK AMG GTR;1997;1999
2736;CLK-Класс;1997;2010
2737;CLK-Класс AMG;1999;2010
2738;CLS;2004;2023
2739;CLS AMG;2005;2023
2740;CL-Класс;1992;2014
2741;CL-Класс AMG;1999;2014
2742;C-Класс;1993;2025
2743;C-Класс AMG;1994;2025
2744;EQA;2021;2025
2745;EQB;2021;2025
2746;EQC;2019;2023
2747;EQE;2022;2025
2748;EQE AMG;2022;2025
2749;EQE SUV;2022;2025
2750;EQE SUV AMG;2022;2025
2751;EQS;2021;2025
2752;EQS AMG;2021;2025
2753;EQS SUV;2022;2025
2754;EQT;2023;2025
2755;EQV;2020;2025
2756;E-Класс;1992;2025
2757;E-Класс AMG;1994;2025
2758;GLA;2013;2025
2759;GLA AMG;2014;2025
2760;GLB AMG;2019;2025
2761;GLB;2019;2025
2762;GLC Coupe;2016;2025
2763;GLC EQ;2026;2026
2764;GLC;2015;2025
2765;GLC AMG;2016;2025
2766;GLE;2015;2025
2767;GLE AMG;2015;2025
2768;GLE Coupe;2015;2025
2769;GLE Coupe AMG;2015;2025
2770;GLK-Класс;2008;2015
2771;GLS;2015;2025
2772;GLS AMG;2015;2025
2773;GL-Класс;2006;2016
2774;GL-Класс AMG;2012;2016
2775;G-Класс;1979;2025
2776;G-Класс AMG;1994;2025
2777;G-Класс AMG 6x6;2013;2024
2778;Marco Polo;1996;2025
2779;Maybach EQS SUV;2023;2025
2780;Maybach GLS;2019;2025
2781;Maybach G 650 Landaulet;2017;2023
2782;Maybach SL;2024;2025
2783;Metris;2015;2023
2784;M-Класс;1997;2015
2785;M-Класс AMG;2000;2015
2786;R-Класс;2005;2017
2787;R-Класс AMG;2006;2007
2788;Simplex;1904;1909
2789;SLC;2016;2020
2790;SLC AMG;2016;2020
2791;SLK-Класс;1996;2016
2792;SLK-Класс AMG;2001;2016
2793;SLR McLaren;2003;2009
2794;SLS AMG;2010;2014
2795;SL-Класс;1954;2020
2796;SL-Класс AMG;1993;2025
2797;Maybach S-Класс;2014;2025
2798;S-Класс;1972;2025
2799;S-Класс AMG;1999;2025
2800;Typ 630;1926;1929
2801;T-Класс;2022;2025
2802;Vaneo;2001;2005
2803;Viano;2003;2014
2804;Vito;1996;2025
2805;V-Класс;1996;2025
2806;W100;1964;1981
2807;W105;1956;1959
2808;W108;1965;1972
2809;W110;1961;1968
2810;W111;1959;1971
2811;W114;1968;1977
2812;W115;1968;1977
2813;W120;1953;1962
2814;W121;1959;1961
2815;W123;1975;1985
2816;W124;1984;1993
2817;W128;1958;1960
2818;W136;1936;1955
2819;W138;1935;1940
2820;W142;1937;1942
2821;W180;1954;1959
2822;W186;1951;1957
2823;W188;1951;1958
2824;W189;1957;1962
2825;W191;1949;1952
2826;190 (W201);1982;1993
2827;W21;1933;1936
2828;W29;1934;1936
2829;X-Класс;2017;2020
2830;Capri;1990;1995
2831;Colony Park;1969;1978
2832;Cougar;1977;2002
2833;Eight;1949;1951
2834;Grand Marquis;1983;2011
2835;Marauder;2002;2004
2836;Mariner;2004;2010
2837;Marquis;1979;1986
2838;Milan;2005;2010
2839;Montego;1967;2007
2840;Monterey;1952;2007
2841;Mountaineer;1996;2010
2842;Mystique;1994;2000
2843;Sable;1986;2009
2844;Topaz;1983;1994
2845;Tracer;1991;1999
2846;Villager;1992;2002
2847;XR4Ti;1985;1989
2848;KR200;1952;1964
2849;Metrocab I;1987;2000
2850;Metrocab II (TTT);2001;2006
2851;3;2011;2025
2852;350;2010;2015
2853;4 EV;2022;2025
2854;5;2013;2025
2855;550;2009;2017
2856;5 EV;2020;2025
2857;5 Scorpio;2022;2025
2858;6;2010;2025
2859;6 Pro;2021;2025
2860;7;2023;2025
2861;750;2006;2016
2862;8;2025;2025
2863;Cyberster;2023;2025
2864;ES5;2024;2025
2865;F;1995;2002
2866;GS;2015;2019
2867;HS;2018;2025
2868;Maestro;1983;1990
2869;Metro;1982;1990
2870;MGA;1955;1962
2871;MGB;1966;1980
2872;Midget;1964;1979
2873;Montego;1984;1990
2874;Mulan;2022;2023
2875;One;2021;2025
2876;Pilot;2020;2025
2877;RV8;1992;1995
2878;RX5;2016;2025
2879;RX8;2018;2025
2880;RX9;2024;2025
2881;T60;2021;2025
2882;TD Midget;1950;1953
2883;TF;2002;2005
2884;Xpower SV;2003;2005
2885;ZR;2001;2005
2886;ZS;2001;2025
2887;ZT;2001;2005
2888;Microlino;2022;2025
2889;F8C;2009;2015
2890;M8;2009;2015
2891;MC;2000;2008
2892;M.Go;2009;2025
2893;Virgo;1999;2003
2894;TF 1800;1998;2001
2895;Aceman;2024;2025
2896;Cabrio;2004;2025
2897;Clubman;2007;2025
2898;Countryman;2010;2025
2899;Coupe;2011;2015
2900;Hatch;2000;2025
2901;Paceman;2012;2016
2902;Roadster;2012;2015
2903;3000 GT;1990;2001
2904;500;1960;1962
2905;Airtrek;2001;2023
2906;Aspire;1998;2003
2907;ASX;2010;2025
2908;Attrage;2014;2025
2909;Bravo;1991;1999
2910;Carisma;1995;2004
2911;Celeste;1975;1981
2912;Challenger;1996;2015
2913;Chariot;1983;2003
2914;Colt;1978;2025
2915;Cordia;1982;1990
2916;Debonair;1986;1999
2917;Delica;1979;2019
2918;Delica D:2;2011;2025
2919;Delica D:3;2011;2019
2920;Delica D:5;2007;2025
2921;Delica Mini;2023;2025
2922;Destinator;2025;2025
2923;Diamante;1990;2005
2924;Dignity;1999;2016
2925;Dingo;1998;2003
2926;Dion;2000;2005
2927;Eclipse;1989;2011
2928;Eclipse Cross;2017;2025
2929;eK Active;2004;2006
2930;eK Classic;2003;2005
2931;eK Custom;2013;2019
2932;eK Space;2014;2025
2933;eK Sport;2002;2013
2934;eK Wagon;2001;2025
2935;Emeraude;1992;1996
2936;Endeavor;2003;2011
2937;Eterna;1983;1996
2938;Freeca;1997;2017
2939;FTO;1994;2001
2940;Galant;1976;2012
2941;Galant Fortis;2007;2015
2942;Grandis;2003;2025
2943;GTO;1990;2005
2944;i;2006;2013
2945;i-MiEV;2009;2015
2946;Jeep J;1953;1998
2947;L200;1986;2025
2948;L300;1979;1999
2949;L400;1995;2006
2950;Lancer;1973;2017
2951;Lancer Cargo;2002;2019
2952;Lancer Evolution;1992;2016
2953;Lancer Ralliart;2003;2012
2954;Legnum;1996;2002
2955;Libero;1992;2003
2956;Minica;1984;2011
2957;Minicab;1984;2025
2958;Mirage;1978;2025
2959;Montero;1982;2021
2960;Montero Sport;1996;2025
2961;Outlander;2002;2025
2962;Outlander Sport;2010;2025
2963;Pajero;1982;2022
2964;Pajero iO;1998;2007
2965;Pajero Junior;1995;1998
2966;Pajero Mini;1994;2012
2967;Pajero Pinin;1998;2006
2968;Pajero Sport;1998;2025
2969;Pistachio;1999;2000
2970;Proudia;1999;2016
2971;Raider;2006;2009
2972;RVR;1991;2024
2973;Sapporo;1978;1990
2974;Savrin;2001;2014
2975;Sigma;1990;1996
2976;Space Gear;1994;2007
2977;Space Runner;1991;2002
2978;Space Star;1998;2025
2979;Space Wagon;1984;2004
2980;Starion;1982;1990
2981;Strada;1991;2005
2982;Toppo;1990;2013
2983;Town Box;1999;2025
2984;Tredia;1982;1987
2985;Triton;2006;2025
2986;Xforce;2023;2025
2987;Xpander;2017;2025
2988;Bubu Classic SSK;1987;1989
2989;Buddy;2020;2025
2990;Galue;1998;2020
2991;Galue 204;2008;2014
2992;Himiko;2008;2025
2993;Le-Seyde;1990;2004
2994;Like;2010;2012
2995;M55;2024;2025
2996;MC-1;1998;2007
2997;Nouera;2003;2012
2998;Orochi;2006;2014
2999;Ray;1996;2004
3000;Rock Star;2018;2022
3001;Ryoga;1998;2004
3002;Ryugi;2015;2025
3003;Viewt;1993;2025
3004;Yuga;2000;2002
3005;Zero 1;1996;2000
3006;Limo;2022;2023
3007;3 Wheeler;2011;2021
3008;4/4;1962;2019
3009;4 Seater;2004;2016
3010;AeroMax;2008;2010
3011;Aero 8;2001;2010
3012;Aero Coupe;2011;2016
3013;Aero SuperSports;2009;2016
3014;Plus 4;1950;2020
3015;Plus 8;1968;2018
3016;Plus Six;2019;2025
3017;Roadster;2004;2016
3018;Supersport;2025;2025
3019;Eight;1935;1937
3020;Marina;1971;1980
3021;2136;1976;1981
3022;2137;1976;1985
3023;2138;1976;1982
3024;2140;1976;1988
3025;2141;1986;1998
3026;2142;1990;2002
3027;3;2022;2025
3028;3е;2022;2025
3029;400;1946;1956
3030;401;1954;1956
3031;402;1956;1958
3032;403;1962;1965
3033;407;1958;1963
3034;408;1964;1975
3035;410;1957;1961
3036;411;1959;1961
3037;412;1967;1998
3038;423;1957;1963
3039;424;1963;1965
3040;426;1967;1976
3041;427;1967;1976
3042;430;1958;1963
3043;434П;1968;1973
3044;5;2023;2025
3045;6;2023;2025
3046;8;2024;2025
3047;Дуэт;1999;2001
3048;Иван Калита;1998;2001
3049;Князь Владимир;1997;2002
3050;М70;2025;2025
3051;M90;2025;2025
3052;Святогор;1997;2002
3053;Юрий Долгорукий;1997;2001
3054;I;2023;2025
3055;Ambassador;1932;1942
3056;A05;2023;2025
3057;A06;2025;2025
3058;A07;2023;2025
3059;E07;2024;2025
3060;Hunter K50;2025;2025
3061;Q05;2023;2025
3062;Q07;2025;2025
3063;EC6;2020;2025
3064;EC7;2023;2025
3065;EL6;2023;2025
3066;ES6;2019;2025
3067;ES7;2022;2025
3068;ES8;2018;2025
3069;ET5;2022;2025
3070;ET7;2021;2025
3071;ET9;2024;2025
3072;Firefly;2025;2025
3073;Onvo L60;2024;2025
3074;Onvo L90;2025;2025
3075;100NX;1990;1996
3076;180SX;1988;1998
3077;200SX;1983;2000
3078;240SX;1989;1999
3079;280ZX;1978;1984
3080;300ZX;1983;2000
3081;350Z;2002;2009
3082;370Z;2008;2020
3083;AD;1982;2025
3084;Almera;1995;2018
3085;Almera Classic;2006;2013
3086;Almera Tino;2000;2006
3087;Altima;1992;2025
3088;Ariya;2020;2025
3089;Armada;2003;2025
3090;Auster;1985;1990
3091;Avenir;1990;2005
3092;Bassara;1999;2003
3093;BE-1;1987;1989
3094;Bluebird;1971;2001
3095;Bluebird Maxima;1984;1988
3096;Bluebird Sylphy;2000;2012
3097;Caravan;1980;2012
3098;Cedric;1971;2014
3099;Cefiro;1988;2008
3100;Cherry;1970;1986
3101;Cima;1988;2022
3102;NV100 Clipper;2003;2025
3103;Clipper Rio;2003;2012
3104;Crew;1993;2009
3105;Cube;1998;2020
3106;Datsun;1985;2002
3107;Dayz;2013;2025
3108;Dayz Roox;2014;2020
3109;Dualis;2007;2014
3110;Elgrand;1997;2025
3111;Exa;1986;1990
3112;Expert;1999;2007
3113;Fairlady Z;1969;2025
3114;Figaro;1991;1992
3115;Frontier;2009;2025
3116;Fuga;2004;2022
3117;Gloria;1962;2004
3118;GT-R;2007;2024
3119;Homy;1986;1997
3120;Hypermini;1999;2001
3121;Juke;2010;2025
3122;Juke Nismo;2013;2019
3123;Kicks;2016;2025
3124;Kix;2008;2012
3125;Kubistar;2003;2009
3126;Lafesta;2004;2018
3127;Langley;1982;1990
3128;Lannia;2015;2022
3129;Largo;1986;1999
3130;Latio;2012;2016
3131;Laurel;1977;2002
3132;Laurel Spirit;1982;1990
3133;Leaf;2010;2025
3134;Leopard;1980;2000
3135;Liberta Villa;1982;1990
3136;Liberty;1998;2004
3137;Livina;2006;2025
3138;Lucino;1994;1999
3139;Magnite;2020;2025
3140;March;1982;2022
3141;Maxima;1981;2023
3142;Micra;1982;2025
3143;Mistral;1994;1999
3144;Moco;2001;2016
3145;Murano;2002;2025
3146;N6;2025;2025
3147;N7;2025;2025
3148;Navara (Frontier);1985;2025
3149;Note;2005;2025
3150;NP200;2008;2024
3151;NP300;2008;2015
3152;NV200;2009;2025
3153;NV300;2016;2021
3154;NV350 Caravan;2012;2021
3155;NX Coupe;1990;1994
3156;Otti;2005;2013
3157;Pao;1989;1991
3158;Pathfinder;1985;2025
3159;Patrol;1980;2025
3160;Pino;2007;2010
3161;Pixo;2008;2013
3162;Prairie;1982;2004
3163;Presage;1998;2009
3164;Presea;1990;2000
3165;President;1973;2010
3166;Primastar;2002;2025
3167;Primera;1990;2008
3168;Pulsar;1982;2018
3169;Qashqai;2006;2025
3170;Qashqai+2;2008;2013
3171;Quest;1992;2018
3172;Rasheen;1995;2000
3173;R'nessa;1997;2001
3174;Rogue;2007;2025
3175;Rogue Sport;2017;2022
3176;Roox;2009;2025
3177;Safari;1980;2013
3178;Sakura;2022;2025
3179;Sentra;1982;2025
3180;Serena;1991;2025
3181;Silvia;1968;2002
3182;Skyline;1968;2025
3183;Skyline Crossover;2009;2016
3184;Stagea;1996;2007
3185;Stanza;1981;1992
3186;Sunny;1982;2025
3187;Sylphy;2012;2025
3188;S-Cargo;1989;1990
3189;Teana;2003;2020
3190;Terra;2018;2025
3191;Terrano;1985;2022
3192;Terrano Regulus;1996;2002
3193;Tiida;2004;2025
3194;Tino;1998;2003
3195;Titan;2003;2025
3196;Urvan;1986;2012
3197;Vanette;1978;2017
3198;Versa;2006;2025
3199;Versa Note;2013;2019
3200;Wingroad;1996;2018
3201;Xterra;1999;2015
3202;X-Terra;2020;2025
3203;X-Trail;2000;2025
3204;Z;2021;2025
3205;M12 GTO;2000;2007
3206;M15;2006;2011
3207;M600;2010;2018
3208;001;2025;2025
3209;442;1968;1972
3210;Achieva;1991;1997
3211;Alero;1999;2004
3212;Aurora;1994;2003
3213;Bravada;1990;2004
3214;Custom Cruiser;1971;1992
3215;Cutlass;1968;1999
3216;Cutlass Calais;1984;1991
3217;Cutlass Ciera;1981;1996
3218;Cutlass Supreme;1988;1997
3219;Delta 88;1971;1976
3220;Eighty-Eight;1957;1999
3221;Firenza;1982;1988
3222;Intrigue;1997;2002
3223;Ninety-Eight;1977;1996
3224;Omega;1979;1984
3225;Series 60;1939;1948
3226;Series 70;1939;1950
3227;Silhouette;1989;2004
3228;Starfire;1961;1980
3229;Toronado;1966;1992
3230;Vista Cruiser;1964;1977
3231;C5;2022;2025
3232;C7;2024;2025
3233;C9;2024;2025
3234;E5;2024;2025
3235;S5;2022;2025
3236;S5 GT;2023;2025
3237;4/8 PS;1909;1910
3238;Adam;2013;2019
3239;Admiral;1937;1978
3240;Agila;2000;2014
3241;Ampera;2011;2021
3242;Antara;2006;2017
3243;Ascona;1970;1988
3244;Astra;1991;2025
3245;Astra OPC;1999;2015
3246;Calibra;1990;1997
3247;Campo;1991;2000
3248;Cascada;2013;2019
3249;Combo;1993;2025
3250;Commodore;1967;1982
3251;Corsa;1982;2025
3252;Corsa OPC;2007;2018
3253;Crossland X;2017;2024
3254;Diplomat;1964;1978
3255;Frontera;1991;2025
3256;Grandland;2017;2025
3257;GT;1968;2009
3258;Insignia;2008;2022
3259;Insignia OPC;2009;2017
3260;Kadett;1937;1993
3261;Kapitan;1938;1970
3262;Karl;2015;2019
3263;Lotus Omega;1990;1992
3264;Manta;1970;1988
3265;Meriva;2003;2018
3266;Meriva OPC;2006;2010
3267;Mokka;2012;2025
3268;Monterey;1992;1999
3269;Monza;1978;1986
3270;Olympia;1935;1970
3271;Omega;1984;2004
3272;P4;1935;1937
3273;Rekord;1963;1986
3274;Rocks Electric;2021;2025
3275;Senator;1978;1993
3276;Signum;2003;2008
3277;Sintra;1996;1999
3278;Speedster;2000;2005
3279;Super Six;1936;1938
3280;Tigra;1994;2009
3281;Vectra;1988;2008
3282;Vectra OPC;2005;2008
3283;Vita;1995;2004
3284;Vivaro;2001;2025
3285;Zafira;1999;2019
3286;Zafira Life;2019;2025
3287;Zafira OPC;2001;2011
3288;03;2023;2025
3289;5;2025;2025
3290;Ballet Cat;2022;2025
3291;Black Cat;2019;2022
3292;Good Cat;2020;2025
3293;iQ;2018;2020
3294;Lightning Cat;2022;2025
3295;SAR (Saloon) Mecha Dragon;2021;2025
3296;White Cat;2020;2022
3297;01;2021;2025
3298;2500 GT;1999;2001
3299;COS1;2018;2022
3300;Cosmos;2019;2022
3301;X5;2020;2025
3302;X5 Plus;2022;2025
3303;X7;2019;2021
3304;X7 Plus;2021;2025
3305;Z6;2022;2025
3306;Paladin;2023;2025
3307;Palasso;2024;2025
3308;Rich 7;2025;2025
3309;Z9;2025;2025
3310;Roadster;1914;1915
3311;200/250;1951;1952
3312;Caribbean;1953;1956
3313;Clipper;1941;1947
3314;Custom Eight;1948;1950
3315;One-Ten;1940;1941
3316;One-Twenty;1935;1941
3317;Six;1912;1939
3318;Super Eight;1933;1939
3319;Twelve;1932;1939
3320;Huayra;2012;2025
3321;Utopia;2022;2025
3322;Zonda;1999;2013
3323;Esperante;2000;2007
3324;Roadster;1992;1999
3325;Alza;2009;2025
3326;Kancil;1994;2009
3327;Kelisa;2001;2007
3328;Kembara;1998;2008
3329;Kenari;2000;2008
3330;MyVi;2005;2011
3331;Nautica;2008;2010
3332;Viva;2007;2014
3333;1007;2005;2009
3334;104;1972;1988
3335;106;1991;2004
3336;107;2005;2014
3337;108;2014;2021
3338;2008;2013;2025
3339;201;1929;1937
3340;202;1938;1948
3341;203;1948;1960
3342;204;1965;1977
3343;205;1983;1998
3344;205 GTi;1984;1998
3345;206;1998;2012
3346;207;2006;2015
3347;207i (Iran Khodro);2016;2025
3348;208;2012;2025
3349;208 GTi;2013;2019
3350;3008;2009;2025
3351;301;2012;2025
3352;304;1969;1980
3353;305;1977;1990
3354;306;1993;2002
3355;307;2001;2008
3356;308;2007;2025
3357;308 GTi;2015;2021
3358;309;1985;1993
3359;4007;2007;2012
3360;4008;2012;2025
3361;402;1935;1942
3362;403;1955;1966
3363;404;1960;1975
3364;405;1987;2014
3365;406;1995;2005
3366;407;2004;2011
3367;408;2012;2025
3368;5008;2009;2025
3369;504;1968;1996
3370;505;1979;1992
3371;508;2011;2025
3372;604;1977;1987
3373;605;1989;1999
3374;607;2000;2010
3375;806;1994;2002
3376;807;2002;2014
3377;Bipper;2008;2018
3378;Expert;1995;2025
3379;iOn;2010;2020
3380;Landtrek;2020;2025
3381;Partner;1997;2025
3382;Pick Up;2017;2021
3383;RCZ;2010;2015
3384;Rifter;2018;2025
3385;Traveller;2016;2025
3386;Cevennes;2005;2025
3387;Hemera;2009;2025
3388;Speedster II;2005;2025
3389;Porter;1992;2021
3390;Twelve;1932;1938
3391;Acclaim;1989;1995
3392;Barracuda;1964;1974
3393;Breeze;1995;2000
3394;Caravelle;1983;1988
3395;Colt Vista;1983;1995
3396;Cranbrook;1951;1953
3397;De Luxe;1933;1950
3398;Fury;1959;1978
3399;Gran Fury;1982;1989
3400;Horizon;1977;1990
3401;Laser;1989;1994
3402;Neon;1993;2001
3403;Prowler;1997;2002
3404;Reliant;1981;1989
3405;Road Runner;1968;1975
3406;Satellite;1970;1974
3407;Sundance;1986;1994
3408;Turismo;1983;1987
3409;Valiant;1967;1973
3410;Volare;1975;1980
3411;Voyager;1984;2000
3412;01;2023;2025
3413;1;2019;2021
3414;2;2020;2025
3415;3;2024;2025
3416;4;2023;2025
3417;5;2025;2025
3418;6000;1982;1991
3419;Aztek;2001;2005
3420;Bonneville;1965;2005
3421;Catalina;1959;1981
3422;Fiero;1984;1988
3423;Firebird;1967;2002
3424;Firefly;1985;1988
3425;G4;2005;2010
3426;G5;2004;2010
3427;G6;2004;2009
3428;G8;2007;2009
3429;Grand AM;1984;2005
3430;Grand Prix;1962;2008
3431;GTO;1964;2006
3432;Laurentian;1955;1957
3433;LeMans;1964;1993
3434;Montana;1997;2009
3435;Parisienne;1971;1986
3436;Phoenix;1977;1984
3437;Solstice;2005;2009
3438;Sunbird;1975;1994
3439;Sunfire;1995;2005
3440;Sunrunner;1994;1998
3441;Tempest;1961;1991
3442;Torpedo;1939;1948
3443;Torrent;2005;2009
3444;Trans Sport;1989;1999
3445;Vibe;2002;2010
3446;Wave;2004;2009
3447;356;1948;1965
3448;718 Spyder;2019;2025
3449;911;1963;2025
3450;911 GT2;1995;2019
3451;911 GT3;1999;2025
3452;911 R;2016;2019
3453;911 S/T;2023;2025
3454;912;1965;1976
3455;914;1969;1976
3456;918 Spyder;2013;2015
3457;924;1975;1988
3458;928;1977;1995
3459;944;1981;1991
3460;959;1986;1991
3461;968;1991;1995
3462;Boxster;1996;2025
3463;Carrera GT;2003;2007
3464;Cayenne;2002;2025
3465;Cayman;2005;2025
3466;Cayman GT4;2015;2025
3467;Macan;2014;2025
3468;Panamera;2009;2025
3469;Taycan;2019;2025
3470;118NE;1985;2001
3471;Padmini;1964;2000
3472;Багги Type 1;1964;2025
3473;Драгстер;1950;2025
3474;Дрифт-кар;1950;2025
3475;Формула;1950;2025
3476;GT & Touring;1950;2025
3477;Хот-род и Кастом;1950;2025
3478;Offroad;1950;2025
3479;Спортпрототип;1950;2025
3480;Rally/cross;1950;2025
3481;Самоделки;1943;2025
3482;Shortcut;2017;2025
3483;Arena;2002;2010
3484;Exora;2009;2023
3485;Gen-2;2004;2012
3486;Inspira;2010;2015
3487;Iriz;2014;2025
3488;Juara;2001;2003
3489;Perdana;1995;2010
3490;Persona;1993;2025
3491;Preve;2011;2020
3492;Putra;1996;2004
3493;Saga;1985;2025
3494;Satria;1996;2015
3495;Savvy;2005;2011
3496;Tiara;1996;2000
3497;Waja;2000;2011
3498;Wira (400 Series);1993;2009
3499;X50;2020;2025
3500;X70;2018;2025
3501;G-modell;1979;2000
3502;Pinzgauer;1971;2000
3503;GTB;1973;1984
3504;GTE;1967;1995
3505;Duoduo;2021;2025
3506;K50;2018;2020
3507;Taga H;2021;2025
3508;3;2014;2022
3509;5;2016;2022
3510;Mangusta;1999;2002
3511;RD6;2022;2025
3512;Type 62-2;2022;2025
3513;1500;2011;2025
3514;ProMaster City;2014;2022
3515;Rampage;2023;2025
3516;V1000;2022;2025
3517;Gentra;2015;2018
3518;Matiz;2015;2016
3519;Nexia R3;2015;2020
3520;R2;2016;2020
3521;R4;2016;2020
3522;Magnum;1985;1993
3523;Scimitar Sabre;1984;1992
3524;Tropica Roadster;1995;1995
3525;10;1962;1973
3526;11;1983;1989
3527;12;1969;1980
3528;14;1976;1983
3529;15;1972;1980
3530;16;1965;1980
3531;17;1972;1980
3532;18;1978;1986
3533;19;1988;2002
3534;20;1975;1983
3535;21;1986;1995
3536;25;1983;1992
3537;30;1975;1986
3538;4;1962;2025
3539;4CV;1947;1961
3540;5;1972;2025
3541;6;1970;1987
3542;8;1962;1973
3543;9;1981;2000
3544;Alaskan;2017;2025
3545;Arkana;2019;2025
3546;Austral;2022;2025
3547;Avantime;2001;2003
3548;Boreal;2025;2025
3549;Captur;2012;2025
3550;Caravelle;1958;1968
3551;Celtaquatre;1934;1938
3552;City K-ZE;2019;2023
3553;Clio;1990;2025
3554;Clio RS;2000;2019
3555;Symbol;1999;2012
3556;Clio V6;2001;2005
3557;Dauphine;1956;1967
3558;Dokker;2012;2021
3559;Duster;2010;2025
3560;Espace;1984;2025
3561;Express;2021;2024
3562;Floride;1958;1968
3563;Fluence;2009;2017
3564;Fregate;1951;1960
3565;Fuego;1980;1985
3566;Grand Koleos;2024;2025
3567;Kadjar;2015;2022
3568;Kangoo;1997;2025
3569;Kaptur;2016;2022
3570;Kardian;2023;2025
3571;Kiger;2021;2025
3572;Koleos;2008;2023
3573;KWID;2015;2025
3574;Laguna;1993;2015
3575;Latitude;2010;2015
3576;Lodgy;2012;2022
3577;Logan;2004;2022
3578;Lutecia;1991;2025
3579;Megane;1995;2025
3580;Megane E-Tech;2021;2025
3581;Megane RS;2004;2023
3582;Modus;2004;2012
3583;QM6;2024;2025
3584;Rafale;2024;2025
3585;Rodeo;1971;1987
3586;Safrane;1992;2010
3587;Sandero;2009;2022
3588;Sandero RS;2015;2021
3589;Scenic;1996;2025
3590;Sport Spider;1995;2000
3591;Symbioz;2024;2025
3592;Taliant;2021;2025
3593;Talisman;2015;2022
3594;Trafic;1980;2025
3595;Triber;2019;2025
3596;Twingo;1993;2024
3597;Twizy;2011;2023
3598;Vel Satis;2002;2009
3599;Vivastella;1929;1939
3600;Wind;2010;2013
3601;ZOE;2012;2024
3602;Arsenal;2024;2025
3603;Beast;2015;2025
3604;Tank;2017;2025
3605;Concept_One;2013;2016
3606;C Two;2018;2018
3607;Nevera;2021;2025
3608;Chopster;2004;2005
3609;F7;2023;2024
3610;Marvel R;2020;2022
3611;R7;2022;2024
3612;R1S;2022;2025
3613;R1T;2021;2025
3614;750;2006;2016
3615;Clever;2020;2024
3616;D6;2025;2025
3617;D7;2023;2025
3618;E50;2012;2016
3619;i5;2017;2025
3620;i6;2017;2020
3621;i6 Max;2020;2025
3622;iMAX8;2020;2025
3623;M7;2025;2025
3624;Marvel X;2018;2021
3625;RX3;2017;2021
3626;RX3 Pro;2021;2023
3627;RX5;2016;2025
3628;RX5 Max;2019;2025
3629;RX8;2018;2023
3630;RX9;2022;2025
3631;Whale;2022;2023
3632;20;1905;1906
3633;20/25;1929;1936
3634;Boat Tail;2021;2022
3635;Camargue;1975;1986
3636;Corniche;1971;2002
3637;Cullinan;2018;2025
3638;Dawn;2015;2023
3639;Ghost;2010;2025
3640;Park Ward;2000;2002
3641;Phantom;1925;2025
3642;Silver Cloud;1955;1966
3643;Silver Ghost;1906;1926
3644;Silver Seraph;1998;2002
3645;Silver Shadow;1965;1980
3646;Silver Spirit;1980;1997
3647;Silver Spur;1980;1999
3648;Silver Wraith;1946;1959
3649;Spectre;2023;2025
3650;Wraith;2013;2023
3651;Lightning;2000;2013
3652;Concept;2023;2025
3653;100;1994;2000
3654;14;1933;1948
3655;200;1984;1999
3656;25;1999;2005
3657;400;1990;2000
3658;45;1999;2005
3659;600;1993;1999
3660;75;1999;2005
3661;800;1986;1999
3662;Maestro;1991;1997
3663;Metro;1987;1994
3664;Mini;1989;2000
3665;Montego;1988;1994
3666;P3;1948;1949
3667;P4;1949;1964
3668;P6;1963;1977
3669;SD1;1976;1986
3670;Streetwise;2003;2005
3671;01;2024;2025
3672;Adamas;2025;2025
3673;С24;1909;1918
3674;600;1980;1982
3675;90;1984;1987
3676;900;1978;1998
3677;9000;1984;1998
3678;93;1956;1960
3679;95;1959;1978
3680;96;1960;1980
3681;99;1967;1984
3682;9-2X;2004;2006
3683;9-3;1998;2014
3684;9-4X;2011;2011
3685;9-5;1997;2012
3686;9-7X;2005;2009
3687;Sonett;1970;1974
3688;H5;2025;2025
3689;Quick;2018;2024
3690;Saina;2016;2025
3691;Shahin;2020;2025
3692;Tiba;2009;2022
3693;S7;2000;2006
3694;S281;2005;2009
3695;QM3;2013;2019
3696;QM5;2007;2016
3697;QM6;2016;2024
3698;SM3;2002;2020
3699;SM5;1998;2019
3700;SM6;2016;2024
3701;SM7;2004;2019
3702;XM3;2020;2024
3703;Alreem;2019;2025
3704;S24;2019;2025
3705;PS-10;2003;2011
3706;Astra;2008;2009
3707;Aura;2006;2010
3708;ION;2003;2007
3709;LS;1998;2004
3710;LW;1998;2004
3711;Outlook;2006;2010
3712;Relay;2005;2007
3713;SC;1990;2002
3714;Sky;2006;2009
3715;SL;1990;2002
3716;SW;1993;2001
3717;VUE;2001;2009
3718;FR-S;2012;2016
3719;iA;2015;2016
3720;iM;2015;2016
3721;iQ;2011;2016
3722;tC;2004;2016
3723;xA;2003;2006
3724;xB;2003;2015
3725;xD;2008;2014
3726;Terra;2027;2027
3727;Traveler;2027;2027
3728;Model J;1908;1912
3729;132;1973;1982
3730;133;1974;1979
3731;Alhambra;1996;2020
3732;Altea;2004;2015
3733;Arona;2017;2025
3734;Arosa;1997;2004
3735;Ateca;2016;2025
3736;Cordoba;1993;2009
3737;Exeo;2008;2013
3738;Fura;1982;1986
3739;Ibiza;1984;2025
3740;Ibiza Cupra;1996;2018
3741;Inca;1995;2003
3742;Leon;1999;2025
3743;Leon Cupra;1999;2020
3744;Malaga;1985;1993
3745;Marbella;1986;1998
3746;Mii;2011;2021
3747;Ronda;1982;1988
3748;Tarraco;2018;2024
3749;Toledo;1991;2019
3750;M5;2023;2025
3751;M7;2023;2025
3752;M9;2024;2025
3753;SF5;2019;2022
3754;C31;2004;2009
3755;C32;2007;2010
3756;C51;2005;2009
3757;C52;2007;2010
3758;C61;2007;2010
3759;C81;2005;2010
3760;Noble;2006;2016
3761;Sceo;2006;2011
3762;1300/1500;1963;1976
3763;1307;1975;1979
3764;100 Series;1969;1991
3765;105, 120;1976;1990
3766;1200;1952;1973
3767;440;1955;1959
3768;445;1957;1959
3769;Citigo;2011;2020
3770;Elroq;2024;2025
3771;Elroq RS;2025;2025
3772;Enyaq;2020;2025
3773;Enyaq Coupe;2022;2025
3774;Enyaq Coupe RS;2022;2025
3775;Enyaq RS;2022;2025
3776;Fabia;1999;2025
3777;Fabia RS;2003;2014
3778;Favorit;1989;2000
3779;Felicia;1959;2001
3780;Forman;1990;1995
3781;Kamiq;2018;2025
3782;Karoq;2017;2025
3783;Kodiaq;2016;2025
3784;Kodiaq GT;2019;2025
3785;Kodiaq RS;2018;2025
3786;Kushaq;2021;2025
3787;Kylaq;2024;2025
3788;Octavia;1959;2025
3789;Octavia RS;2001;2025
3790;Popular;1934;1946
3791;Rapid;2012;2023
3792;Roomster;2006;2015
3793;Scala;2019;2025
3794;Slavia;2021;2025
3795;Superb;2001;2025
3796;Yeti;2009;2018
3797;ET5;2021;2025
3798;HT-i;2022;2025
3799;EV6;2021;2025
3800;Forfour;2004;2021
3801;Fortwo;1998;2024
3802;#1;2022;2025
3803;#3;2023;2025
3804;#5;2024;2025
3805;Roadster;2002;2006
3806;С-1Л;1952;1956
3807;С-3А;1958;1970
3808;С-3Д;1970;1997
3809;С-3Л;1956;1958
3810;HC;2022;2025
3811;HS;2022;2025
3812;KRS;2024;2025
3813;KRX;2024;2025
3814;SP7;2025;2025
3815;ST6;2023;2025
3816;ST8;2024;2025
3817;ST9;2025;2025
3818;A5;2018;2023
3819;DX3;2016;2025
3820;DX5;2019;2025
3821;DX7;2015;2025
3822;DX8;2022;2023
3823;DX8S;2022;2025
3824;Lioncel;2005;2010
3825;S06;2025;2025
3826;S07;2024;2025
3827;S09;2024;2025
3828;Soveran;2004;2008
3829;V3;2008;2017
3830;V5;2012;2020
3831;V6 Cross;2013;2015
3832;R42;1996;1997
3833;C12;2006;2008
3834;C8;2001;2025
3835;Actyon;2005;2019
3836;Actyon Sports;2006;2016
3837;Chairman;1997;2017
3838;Istana;1995;2003
3839;Kallista;1992;1994
3840;Korando;1988;2023
3841;Korando Family;1987;1998
3842;Korando Sports;2011;2017
3843;Korando Turismo;2013;2019
3844;Kyron;2005;2015
3845;Musso;1993;2023
3846;Nomad;2013;2017
3847;Rexton;2001;2023
3848;Rexton Sports;2018;2023
3849;Rodius;2004;2019
3850;Stavic;2013;2019
3851;Tivoli;2015;2023
3852;XLV;2016;2025
3853;Torres;2022;2023
3854;S9;2024;2025
3855;1500;1941;1944
3856;Haflinger;1959;1974
3857;Golden Hawk;1956;1958
3858;1000;1965;1969
3859;360;1958;1971
3860;Alcyone;1985;1996
3861;Ascent;2017;2025
3862;Tribeca;2004;2014
3863;Baja;2002;2006
3864;Bighorn;1990;1992
3865;Bistro;1995;1998
3866;Brat;1978;1994
3867;BRZ;2012;2025
3868;Chiffon;2016;2025
3869;Crosstrek;2012;2025
3870;Dex;2008;2011
3871;Dias Wagon;2003;2020
3872;Domingo;1983;1998
3873;Exiga;2008;2018
3874;Forester;1997;2025
3875;Impreza;1992;2025
3876;Impreza WRX;1992;2014
3877;Impreza WRX STi;1994;2014
3878;Justy;1984;2025
3879;Legacy;1989;2025
3880;Legacy Lancaster;1995;2003
3881;Leone;1979;1994
3882;Levorg;2014;2025
3883;Libero;1984;1998
3884;Lucra;2010;2015
3885;Outback;1994;2025
3886;Pleo;1998;2018
3887;Pleo Plus;2012;2025
3888;R1;2005;2010
3889;R2;2003;2010
3890;Rex;1972;2025
3891;Sambar;1990;2025
3892;Solterra;2022;2025
3893;Stella;2006;2023
3894;SVX;1991;1997
3895;Trailseeker;2025;2025
3896;Traviq;2001;2004
3897;Trezia;2010;2016
3898;Uncharted;2025;2025
3899;Vivio;1992;1998
3900;WRX;2014;2025
3901;WRX STi;2014;2021
3902;XT;1987;1992
3903;XV;2011;2023
3904;Across;2020;2025
3905;Aerio;2001;2007
3906;Alto;1979;2025
3907;Alto Lapin;2002;2025
3908;APV;2004;2025
3909;Baleno;1995;2025
3910;Beidouxing;2004;2025
3911;Cappuccino;1990;1997
3912;Cara;1993;1995
3913;Carry;1979;2005
3914;Celerio;2014;2025
3915;Cervo;1977;2011
3916;Ciaz;2014;2025
3917;Cultus;1983;2002
3918;DZire;2020;2025
3919;Eeco;2010;2025
3920;Equator;2008;2012
3921;Ertiga;2012;2025
3922;Escudo;1988;2025
3923;Esteem;1995;2004
3924;Every;1985;2025
3925;e Vitara;2025;2025
3926;Forenza;2003;2008
3927;Fronte;1986;1988
3928;Fronx;2023;2025
3929;Grand Vitara;1997;2025
3930;Hustler;2014;2025
3931;Ignis;2000;2025
3932;Jimny;1970;2025
3933;Kei;1998;2009
3934;Kizashi;2009;2014
3935;Landy;2007;2025
3936;Liana;2001;2008
3937;MR Wagon;2001;2016
3938;Palette;2008;2013
3939;Reno;2004;2008
3940;Samurai;1981;2003
3941;Sidekick;1988;1998
3942;Solio;2005;2025
3943;Spacia;2013;2025
3944;Splash;2008;2015
3945;Swace;2020;2025
3946;Swift;1983;2025
3947;SX4;2006;2025
3948;S-Presso;2019;2025
3949;Twin;2003;2005
3950;Verona;2003;2006
3951;Victoris;2025;2025
3952;Vitara;1988;2025
3953;Wagon R;1993;2025
3954;Wagon R+;1997;2008
3955;Xbee;2017;2025
3956;XL7;2006;2009
3957;X-90;1995;2000
3958;G01;2018;2025
3959;G01F;2018;2025
3960;G03F;2024;2025
3961;G05;2019;2021
3962;G05 Pro;2021;2025
3963;Tiger;2022;2025
3964;X3;2017;2023
3965;Shineray X30;2021;2025
3966;X7;2016;2021
3967;Aquila;2012;2014
3968;C10;2011;2013
3969;C190;2011;2013
3970;C-30;2011;2011
3971;Vega;2009;2010
3972;Road Partner;2008;2011
3973;Tager;2008;2012
3974;1510;1980;1984
3975;Avenger;1970;1981
3976;Horizon;1978;1986
3977;Rancho;1977;1984
3978;Samba;1981;1986
3979;Solara;1980;1986
3980;Tagora;1980;1987
3981;300;2021;2025
3982;400;2023;2025
3983;500;2021;2025
3984;700;2024;2025
3985;Aria;2010;2017
3986;Curvv;2024;2025
3987;Estate;1993;2000
3988;Indica;1998;2018
3989;Indigo;2002;2016
3990;Nano;2008;2018
3991;Safari;1998;2019
3992;Sierra;1993;2001
3993;Sumo;1996;2004
3994;Sumo Grande;2008;2016
3995;Telcoline;2005;2007
3996;Xenon;2007;2025
3997;57;1932;1949
3998;77;1934;1938
3999;80;1931;1935
4000;87;1936;1950
4001;T600;1946;1952
4002;T603;1956;1975
4003;T613;1973;1996
4004;T700;1996;1999
4005;Zero;2009;2016
4006;T4;2025;2025
4007;T7;2025;2025
4008;T8;2025;2025
4009;T9;2025;2025
4010;Cybertruck;2023;2025
4011;Model 3;2017;2025
4012;Model S;2012;2025
4013;Model X;2015;2025
4014;Model Y;2020;2025
4015;Roadster;2008;2017
4016;Transformer;2019;2025
4017;City;2008;2012
4018;Century;2005;2008
4019;Dragon;2005;2015
4020;Admiral;2001;2007
4021;Kartal;1985;2003
4022;Murat 124;1971;1977
4023;Murat 131;1985;1995
4024;Sahin;1990;2002
4025;Serce;1985;1996
4026;2000GT;1967;1970
4027;4Runner;1984;2025
4028;Agya;2013;2025
4029;Allex;2001;2006
4030;Allion;2001;2025
4031;Alphard;2002;2025
4032;Altezza;1998;2005
4033;Aqua;2011;2025
4034;Aristo;1991;2004
4035;Aurion;2006;2017
4036;Auris;2006;2018
4037;Avalon;1994;2025
4038;Avanza;2006;2025
4039;Avensis;1997;2018
4040;Avensis Verso;2001;2009
4041;Aygo;2005;2022
4042;Aygo X;2022;2025
4043;bB;2000;2016
4044;Belta;2005;2025
4045;Blade;2006;2012
4046;Blizzard;1980;1994
4047;Brevis;2001;2007
4048;bZ;2026;2025
4049;bZ3;2023;2025
4050;bZ3C;2025;2025
4051;bZ3X;2025;2025
4052;bZ4X;2022;2025
4053;bZ5;2025;2025
4054;bZ7;2025;2025
4055;Caldina;1992;2007
4056;Cami;1999;2006
4057;Camry;1980;2025
4058;Camry Solara;1998;2009
4059;Carina;1973;2001
4060;Carina E;1992;1998
4061;Carina ED;1985;1998
4062;Cavalier;1995;2000
4063;Celica;1970;2006
4064;Celsior;1989;2006
4065;Century;1982;2025
4066;Chaser;1977;2001
4067;Classic;1996;1997
4068;Comfort;1995;2017
4069;COMS;2012;2025
4070;Copen;2019;2025
4071;Corolla;1966;2025
4072;Corolla Cross;2020;2025
4073;Corolla II;1978;1999
4074;Corolla Levin;1979;2000
4075;Corolla Rumion;2007;2016
4076;Corolla Spacio;1997;2007
4077;Corolla Verso;2001;2009
4078;Corona;1973;2001
4079;Corona EXiV;1989;1998
4080;Corsa;1982;1999
4081;Cressida;1977;1996
4082;Cresta;1980;2001
4083;Crown;1965;2025
4084;Crown Kluger;2021;2025
4085;Crown Majesta;1991;2018
4086;Curren;1994;1999
4087;Cynos;1991;1999
4088;C-HR;2016;2025
4089;C-HR+;2025;2025
4090;Duet;1998;2004
4091;Echo;1999;2005
4092;Esquire;2014;2021
4093;Estima;1990;2019
4094;Etios;2010;2021
4095;FJ Cruiser;2006;2022
4096;Fortuner;2005;2025
4097;Frontlander;2021;2025
4098;FunCargo;1999;2005
4099;Gaia;1998;2004
4100;GR86;2021;2025
4101;Grand HiAce;1999;2002
4102;Grand Highlander;2023;2025
4103;Granvia;1995;2025
4104;GT86;2012;2021
4105;Harrier;1997;2025
4106;HiAce;1982;2025
4107;Highlander;2001;2025
4108;Hilux;1968;2025
4109;Hilux Surf;1984;2009
4110;Innova;2004;2025
4111;Ipsum;1995;2009
4112;iQ;2008;2011
4113;ISis;2004;2017
4114;Ist;2001;2016
4115;Izoa;2018;2025
4116;Kluger;2000;2013
4117;Land Cruiser;1960;2025
4118;Land Cruiser FJ;2025;2025
4119;Land Cruiser Prado;1987;2025
4120;Levin;2014;2025
4121;Lite Ace;1979;2020
4122;Mark II;1968;2007
4123;Mark X;2004;2019
4124;Mark X ZiO;2007;2013
4125;MasterAce Surf;1982;1991
4126;Matrix;2002;2014
4127;Mega Cruiser;1995;2001
4128;Mirai;2015;2025
4129;Model F;1982;1992
4130;MR2;1984;2007
4131;MR-S;1999;2007
4132;Nadia;1998;2003
4133;Noah;2001;2025
4134;Opa;2000;2005
4135;Origin;2000;2001
4136;Paseo;1991;1999
4137;Passo;2004;2023
4138;Passo Sette;2008;2012
4139;Picnic;1996;2009
4140;Pixis Epoch;2012;2025
4141;Pixis Joy;2016;2023
4142;Pixis Mega;2015;2022
4143;Pixis Space;2011;2017
4144;Pixis Van;2011;2025
4145;Platz;1999;2005
4146;Porte;2004;2020
4147;Premio;2001;2021
4148;Previa;1990;2019
4149;Prius;1997;2025
4150;Prius v (+);2011;2021
4151;Prius Alpha;2011;2021
4152;Prius c;2011;2021
4153;ProAce;2013;2025
4154;ProAce City;2019;2025
4155;Probox;2002;2025
4156;Progres;1998;2007
4157;Pronard;2000;2004
4158;Publica;1961;1978
4159;Ractis;2005;2016
4160;Raize;2019;2025
4161;Raum;1997;2011
4162;RAV4;1994;2025
4163;Regius;1997;2002
4164;RegiusAce;1999;2020
4165;Roomy;2016;2025
4166;Rush;2006;2025
4167;Sai;2009;2017
4168;Scepter;1992;1996
4169;Sequoia;2000;2025
4170;Sera;1990;1994
4171;Sienna;1997;2025
4172;Sienta;2003;2025
4173;Soarer;1981;2005
4174;Soluna;1996;2003
4175;Spade;2012;2020
4176;Sparky;2000;2003
4177;Sports 800;1965;1969
4178;Sprinter;1974;2002
4179;Sprinter Carib;1982;2002
4180;Sprinter Marino;1992;1998
4181;Sprinter Trueno;1983;2000
4182;Starlet;1978;1999
4183;Starlet Cross;2024;2025
4184;Succeed;2002;2020
4185;Supra;1986;2025
4186;Tacoma;1995;2025
4187;Tank;2016;2020
4188;Tercel;1978;1999
4189;Touring HiAce;1999;2002
4190;Town Ace;1976;2025
4191;Tundra;2000;2025
4192;Urban Cruiser;2009;2025
4193;Urban Cruiser Taisor;2024;2025
4194;Vanguard;2007;2013
4195;Vellfire;2008;2025
4196;Veloz;2021;2025
4197;Venza;2008;2025
4198;Verossa;2001;2004
4199;Verso;2009;2018
4200;Verso-S;2010;2018
4201;Vios;2003;2025
4202;Vista;1982;2003
4203;Vitz;1999;2020
4204;Voltz;2002;2004
4205;Voxy;2001;2025
4206;Wigo;2014;2025
4207;Wildlander;2020;2025
4208;WiLL;2000;2004
4209;WiLL Cypha;2002;2005
4210;Windom;1991;2006
4211;Wish;2003;2017
4212;xA;2006;2007
4213;Yaris;1999;2025
4214;Yaris Cross;2020;2025
4215;Yaris Verso;1999;2006
4216;Zelas;2010;2016
4217;1.1;1990;1991
4218;600;1962;1964
4219;P 601;1963;1990
4220;P50;1958;1962
4221;Tramontana;2007;2025
4222;Acclaim;1981;1984
4223;GT6;1966;1973
4224;Spitfire;1965;1980
4225;Stag;1970;1977
4226;TR3;1957;1963
4227;TR4;1961;1967
4228;TR6;1968;1976
4229;TR7;1975;1981
4230;TR8;1980;1981
4231;E8;2023;2025
4232;E9;2023;2025
4233;Emkoo;2022;2025
4234;Empow;2021;2025
4235;ES9;2023;2025
4236;GA4 Plus;2021;2022
4237;GA6;2019;2023
4238;GA8;2020;2023
4239;GE3;2017;2020
4240;GM6;2018;2020
4241;GM8;2017;2020
4242;GS3;2017;2025
4243;GS3 Power;2020;2022
4244;GS4;2019;2025
4245;GS4 Max;2024;2025
4246;GS4 Plus;2021;2025
4247;GS5;2018;2021
4248;GS8;2016;2025
4249;M6;2020;2021
4250;M6 Max;2024;2025
4251;M6 Pro;2021;2025
4252;M8;2019;2025
4253;S7;2025;2025
4254;S9;2025;2025
4255;280;1980;1986
4256;350;1983;1989
4257;390;1984;1989
4258;400;1989;1993
4259;420;1984;1989
4260;450;1989;1993
4261;Cerbera;1994;2003
4262;Chimaera;1992;2003
4263;Griffith;1991;2002
4264;Sagaris;2004;2006
4265;S-Series;1986;1996
4266;Taimar;1976;1979
4267;Tamora;2002;2006
4268;Tasmin;1980;1987
4269;Tuscan;1999;2006
4270;3151;1985;2013
4271;3153;1996;2006
4272;3159;1999;2010
4273;3160;1997;2004
4274;3162 Simbir;1999;2005
4275;469;1972;2011
4276;Астеро;1997;1999
4277;Hunter;2003;2025
4278;Patriot;2005;2025
4279;Pickup;2008;2025
4280;Can-Am;2001;2016
4281;GTR;1999;2016
4282;RS;2019;2025
4283;Adam;2013;2019
4284;Ampera;2011;2015
4285;Astra;1979;2015
4286;Carlton;1984;1994
4287;Cavalier;1975;1981
4288;Chevette;1975;1984
4289;Combo;2018;2025
4290;Corsa;1993;2025
4291;Firenza;1970;1975
4292;Frontera;1991;2004
4293;Insignia;2008;2022
4294;Lotus Carlton;1990;1992
4295;Meriva;2003;2018
4296;Mokka;2012;2019
4297;Monaro;2001;2007
4298;Omega;1994;2003
4299;Royale;1978;1987
4300;Tigra;1994;2009
4301;Vectra;1995;2008
4302;Velox;1948;1965
4303;Ventora;1969;1976
4304;Viceroy;1978;1982
4305;Victor;1963;1978
4306;Viva;1963;1979
4307;Vivaro;2019;2025
4308;VXR8;2007;2009
4309;Zafira;1999;2018
4310;1111 Ока;1987;2008
4311;2101;1970;1988
4312;2102;1971;1986
4313;2103;1972;1984
4314;2104;1984;2012
4315;2105;1979;2011
4316;2106;1976;2006
4317;2107;1982;2012
4318;2108;1984;2005
4319;2109;1987;2006
4320;21099;1990;2011
4321;2110;1995;2014
4322;2111;1997;2014
4323;2112;1998;2009
4324;2113;2004;2013
4325;2114;2001;2013
4326;2115;1997;2012
4327;2120 Надежда;1998;2006
4328;2121 (4x4);1977;2021
4329;2123;1998;2002
4330;2129;1992;1996
4331;2131 (4x4);1993;2021
4332;Priora;2007;2018
4333;2328;1995;1997
4334;2329;1995;2019
4335;Aura;2024;2025
4336;Azimut;2026;2026
4337;EL Lada;2012;2013
4338;e-Largus;2024;2025
4339;Granta;2011;2025
4340;Iskra;2025;2025
4341;Kalina;2004;2018
4342;Largus;2012;2025
4343;Niva;2020;2025
4344;Niva Legend;2021;2025
4345;Niva Travel;2020;2025
4346;Revolution;2003;2006
4347;Vesta;2015;2025
4348;XRAY;2015;2022
4349;X-cross 5;2023;2023
4350;M12;1996;2000
4351;W8 Twin Turbo;1989;1994
4352;210;1984;1995
4353;260 LM;1989;1995
4354;300 Atlantique;1994;2000
4355;400 GT;1994;1998
4356;D60 Plus;2021;2025
4357;VX6;2023;2025
4358;V-Online;2021;2025
4359;Bolden;2024;2025
4360;U70;2019;2022
4361;U70 Pro;2022;2025
4362;U75 Plus;2021;2025
4363;VX7;2022;2025
4364;LUX A2.0;2019;2022
4365;LUX SA2.0;2019;2022
4366;VF6;2024;2025
4367;VF7;2024;2025
4368;VF8;2022;2025
4369;VF9;2022;2025
4370;C40;2024;2025
4371;K30;2024;2025
4372;K40;2024;2025
4373;181;1969;1979
4374;Amarok;2010;2025
4375;Arteon;2017;2024
4376;Arteon R;2020;2024
4377;Atlas;2017;2025
4378;Atlas Cross Sport;2019;2025
4379;Beetle;1997;2019
4380;Bora;1998;2025
4381;Caddy;1979;2025
4382;California;1991;2025
4383;Caravelle;1980;2025
4384;Corrado;1988;1995
4385;C-Trek;2016;2022
4386;Derby;1977;1984
4387;Eos;2006;2015
4388;EuroVan;1992;2003
4389;Fox;1987;2011
4390;Gol;1980;2013
4391;Golf;1974;2025
4392;Golf Country;1990;1991
4393;Golf GTI;1976;2025
4394;Golf Plus;2005;2014
4395;Golf R;2009;2025
4396;Golf R32;2002;2008
4397;Golf Sportsvan;2014;2020
4398;ID.3;2019;2025
4399;ID.4;2020;2025
4400;ID.5;2021;2025
4401;ID.6;2021;2025
4402;ID.7;2023;2025
4403;ID.Buzz;2022;2025
4404;ID.Unyx;2024;2025
4405;ID.Unyx 06;2025;2025
4406;ID.Unyx 07;2025;2025
4407;Iltis;1978;1988
4408;Jetta;1978;2025
4409;K70;1970;1974
4410;Karmann-Ghia;1955;1974
4411;Lamando;2014;2025
4412;Lavida;2008;2025
4413;Lavida XR;2023;2025
4414;Lupo;1998;2005
4415;Lupo GTI;2000;2005
4416;Magotan;2016;2025
4417;Multivan;1984;2025
4418;Parati;2005;2012
4419;Passat;1973;2025
4420;Passat CC;2008;2025
4421;Passat (North America and China);2005;2025
4422;Phaeton;2002;2016
4423;Phideon;2016;2023
4424;Pointer;2003;2006
4425;Polo;1975;2025
4426;Polo GTI;1998;2025
4427;Polo R WRC;2013;2016
4428;Quantum;1985;2003
4429;Rabbit;2009;2009
4430;Routan;2008;2012
4431;Sagitar;2019;2025
4432;Santana;1981;2022
4433;Scirocco;1974;2017
4434;Scirocco R;2009;2017
4435;Sharan;1995;2022
4436;SpaceFox;2006;2018
4437;Tacqua;2019;2025
4438;Taigo;2021;2025
4439;Taigun;2021;2025
4440;Talagon;2021;2025
4441;Taos;2020;2025
4442;Taro;1989;1997
4443;Tavendor;2022;2025
4444;Tayron;2018;2025
4445;Teramont;2017;2025
4446;Tharu;2018;2025
4447;Tharu XR;2024;2025
4448;Tiguan;2007;2025
4449;Tiguan R;2020;2025
4450;Touareg;2002;2025
4451;Touareg R;2020;2025
4452;Touran;2003;2025
4453;Transporter;1979;2025
4454;Type 1;1938;2003
4455;Type 166;1942;1944
4456;Type 2;1950;1979
4457;Type 3;1961;1973
4458;Type 4;1968;1975
4459;Type 82;1940;1945
4460;T-Cross;2018;2025
4461;T-Roc;2017;2025
4462;T-Roc R;2019;2025
4463;up!;2012;2023
4464;Vento;1991;1998
4465;Viloran;2020;2025
4466;Voyage;2008;2022
4467;XL1;2013;2015
4468;120 Series;1956;1970
4469;140 Series;1966;1975
4470;164;1968;1974
4471;240 Series;1974;1993
4472;260 Series;1974;1982
4473;300 Series;1975;1991
4474;440;1988;1997
4475;460;1988;1997
4476;480;1986;1996
4477;66;1975;1979
4478;740;1983;1992
4479;760;1982;1992
4480;780;1986;1991
4481;850;1991;1997
4482;940;1988;1998
4483;960;1990;1997
4484;C30;2006;2013
4485;C40;2021;2025
4486;C70;1997;2013
4487;EC40;2024;2025
4488;EM90;2023;2025
4489;ES90;2025;2025
4490;EX30;2023;2025
4491;EX30 Cross Country;2025;2025
4492;EX40;2024;2025
4493;EX90;2023;2025
4494;Laplander;1974;1987
4495;P1800;1961;1973
4496;P1900;1956;1957
4497;PV444;1947;1958
4498;PV544;1958;1965
4499;S40;1995;2012
4500;S60;2000;2025
4501;S60 Cross Country;2015;2018
4502;S70;1997;2000
4503;S80;1998;2016
4504;S90;1996;2025
4505;V40;1995;2020
4506;V40 Cross Country;2012;2019
4507;V50;2004;2012
4508;V60;2010;2025
4509;V60 Cross Country;2015;2025
4510;V70;1997;2016
4511;V90;1997;2025
4512;V90 Cross Country;2016;2025
4513;XC40;2017;2025
4514;XC60;2008;2025
4515;XC70;2000;2016
4516;XC90;2002;2025
4517;Corda;2010;2012
4518;Estina;2008;2013
4519;Tingo;2010;2014
4520;Courage;2024;2025
4521;Dream;2021;2025
4522;Free;2021;2025
4523;Passion;2022;2025
4524;Taishan;2025;2025
4525;05;2013;2025
4526;W22;1933;1938
4527;W23;1936;1941
4528;W26;1937;1940
4529;W50;1936;1938
4530;1.3;1988;1991
4531;353;1966;1989
4532;E5;2021;2022
4533;EX5;2018;2022
4534;EX6 Plus;2019;2022
4535;W6;2021;2022
4536;SEiGHT;1991;2010
4537;SEi & Sport;1982;2025
4538;05;2023;2025
4539;07;2024;2025
4540;80;2024;2025
4541;Coffee 01;2022;2023
4542;Gaoshan (High Mountain);2023;2025
4543;Lanshan (Blue Mountain);2023;2025
4544;Latte;2021;2025
4545;Macchiato;2021;2023
4546;Mocca;2021;2025
4547;VV5;2017;2021
4548;VV6;2018;2021
4549;VV7;2017;2021
4550;GT;2003;2013
4551;Roadster;1996;2013
4552;CJ;1944;1968
4553;Jeepster;1948;1951
4554;MB;1941;1945
4555;Knight Model 20;1920;1923
4556;Binguo;2023;2025
4557;Hongguang;2024;2025
4558;Hongguang Plus;2019;2025
4559;Hongguang S;2018;2025
4560;Hongguang V;2019;2025
4561;Jiachen;2022;2025
4562;Mini EV;2020;2025
4563;Nano EV;2021;2025
4564;Starlight;2023;2025
4565;Starlight S;2024;2025
4566;Star Asta;2021;2025
4567;Sunshine;2012;2022
4568;Victory;2020;2025
4569;Xingchi;2022;2025
4570;Zhiguan EV;2025;2025
4571;Fenyr Supersport;2015;2025
4572;Lykan Hypersport;2013;2017
4573;X-Cross 7;2024;2025
4574;X-Cross 8;2024;2025
4575;Yoyo;2021;2025
4576;SU7;2023;2025
4577;YU7;2025;2025
4578;Pickup X3;2003;2006
4579;SR-V X3;2003;2006
4580;SUV X3;2003;2006
4581;G3;2018;2023
4582;G6;2023;2025
4583;G7;2025;2025
4584;G9;2022;2025
4585;Mona M03;2024;2025
4586;P5;2021;2025
4587;P7;2020;2025
4588;P7i;2023;2025
4589;P7+;2024;2025
4590;X9;2024;2025
4591;R3;2021;2025
4592;EC30;2017;2025
4593;Spica;2015;2023
4594;T70;2015;2020
4595;007;2024;2025
4596;008;2024;2025
4597;Feeling;1986;1995
4598;10;2006;2008
4599;Florida;1990;2008
4600;Skala;1973;2008
4601;Yugo;1990;2008
4602;965;1960;1970
4603;966;1967;1972
4604;968;1972;1994
4605;Chance;2009;2014
4606;1105 «Дана»;1994;2011
4607;Forza;2011;2017
4608;Sens;2004;2017
4609;1103 «Славута»;1999;2011
4610;1102 «Таврия»;1988;2009
4611;Vida;2012;2016
4612;Lanos;2004;2015
4613;001;2021;2025
4614;007;2023;2025
4615;009;2022;2025
4616;7X;2024;2025
4617;9X;2025;2025
4618;Mix;2024;2025
4619;X;2023;2025
4620;E10;2014;2016
4621;Aurora;2026;2026
4622;ST1;2009;2010
4623;TSR-S;2018;2025
4624;Rainbow;2024;2025
4625;MK2;2010;2025
4626;111;1959;1967
4627;114;1967;1978
4628;117;1971;1978
4629;4104;1978;2002
4630;101;1936;1941
4631;102;1938;1939
4632;110;1945;1958
4633;Coupa;2018;2021
4634;Domy X5;2015;2018
4635;Domy X7;2016;2021
4636;E200;2016;2021
4637;Nomad (RX6400);2005;2016
4638;SR9;2016;2019
4639;T300;2017;2023
4640;T500;2018;2019
4641;T600;2013;2021
4642;T700;2017;2021
4643;T800;2018;2021
4644;Z100;2013;2017
4645;Z300;2012;2017
4646;Admiral;2005;2009
4647;Grandlion;2021;2025
4648;Grand Tiger;2007;2025
4649;Landmark;2005;2011
4650;Terralord;2016;2025
